X,Filing Date,Trade Date,Ticker,Insider Name,Title,Trade Type,Price,Qty,Owned,ΔOwn,Value,1d,1w,1m,6m
D,2004-04-21 19:07:40,2004-04-19,AAPL,Heinen Nancy R,SVP,S - Sale+OE,$28.00,"-200,000","1,315",-99%,"-$5,600,000",0,-3,-5,+71
D,2004-04-21 19:08:35,2004-04-19,AAPL,Tamaddon Sina,SVP,S - Sale+OE,$28.08,"-678,400","6,452",-99%,"-$19,046,284",0,-3,-5,+71
DM,2004-04-21 19:09:19,2004-04-19,AAPL,Rubinstein Jonathan,SVP,S - Sale+OE,$28.35,"-250,000","9,906",-96%,"-$7,087,500",0,-3,-5,+71
D,2004-04-21 19:11:31,2004-04-19,AAPL,Cook Timothy D,EVP,S - Sale+OE,$27.99,"-84,000","4,722",-95%,"-$2,351,280",0,-3,-5,+71
D,2004-04-21 19:12:19,2004-04-19,AAPL,Cook Timothy D,EVP,S - Sale+OE,$28.21,"-94,000","4,722",-95%,"-$2,651,880",0,-3,-5,+71
D,2004-04-21 19:13:20,2004-04-19,AAPL,Cook Timothy D,EVP,S - Sale+OE,$28.35,"-98,000","4,722",-95%,"-$2,778,420",0,-3,-5,+71
DM,2004-04-21 19:14:05,2004-04-19,AAPL,Cook Timothy D,EVP,S - Sale+OE,$28.04,"-56,000","4,722",-92%,"-$1,569,960",0,-3,-5,+71
D,2004-04-21 19:15:19,2004-04-20,AAPL,Cook Timothy D,EVP,S - Sale+OE,$27.99,"-70,000","4,722",-94%,"-$1,959,600",0,-3,-5,+71
D,2004-04-21 19:16:16,2004-04-20,AAPL,Cook Timothy D,EVP,S - Sale+OE,$28.19,"-154,000","4,722",-97%,"-$4,340,760",0,-3,-5,+71
D,2004-04-21 19:17:13,2004-04-20,AAPL,Cook Timothy D,EVP,S - Sale+OE,$28.32,"-44,000","4,722",-90%,"-$1,246,180",0,-3,-5,+71
D,2004-04-21 19:18:31,2004-04-19,AAPL,Anderson Fred D,EVP,S - Sale+OE,$28.00,"-54,500","2,672",-95%,"-$1,526,068",0,-3,-5,+71
D,2004-04-21 19:20:05,2004-04-19,AAPL,Anderson Fred D,EVP,S - Sale+OE,$28.24,"-70,000","2,672",-96%,"-$1,976,480",0,-3,-5,+71
D,2004-04-21 19:24:19,2004-04-19,AAPL,Anderson Fred D,EVP,S - Sale+OE,$28.38,"-71,300","2,672",-96%,"-$2,023,715",0,-3,-5,+71
DM,2004-04-21 19:24:57,2004-04-19,AAPL,Anderson Fred D,EVP,S - Sale+OE,$27.90,"-44,200","2,672",-94%,"-$1,233,165",0,-3,-5,+71
D,2004-04-21 19:27:18,2004-04-20,AAPL,Anderson Fred D,EVP,S - Sale+OE,$28.13,"-96,000","2,672",-97%,"-$2,700,220",0,-3,-5,+71
D,2004-04-21 19:27:56,2004-04-20,AAPL,Anderson Fred D,EVP,S - Sale+OE,$28.27,"-64,000","2,672",-96%,"-$1,809,460",0,-3,-5,+71
D,2004-04-22 17:59:29,2004-04-20,AAPL,Schiller Philip W,SVP,S - Sale+OE,$28.10,"-250,000",128,-100%,"-$7,024,300",0,-5,-4,+71
DM,2004-04-23 19:19:00,2004-04-21,AAPL,Rubinstein Jonathan,SVP,S - Sale+OE,$27.88,"-275,000","9,906",-97%,"-$7,667,300",-2,-3,-2,+73
D,2004-04-23 19:20:02,2004-04-21,AAPL,Cook Timothy D,EVP,S - Sale+OE,$27.63,"-87,800","4,722",-95%,"-$2,426,072",-2,-3,-2,+73
D,2004-04-23 19:20:31,2004-04-21,AAPL,Cook Timothy D,EVP,S - Sale+OE,$27.79,"-62,200","4,722",-93%,"-$1,728,412",-2,-3,-2,+73
D,2004-04-23 19:21:26,2004-04-21,AAPL,Cook Timothy D,EVP,S - Sale+OE,$27.69,"-62,300","4,722",-93%,"-$1,725,281",-2,-3,-2,+73
D,2004-04-23 19:21:58,2004-04-21,AAPL,Cook Timothy D,EVP,S - Sale+OE,$27.85,"-87,700","4,722",-95%,"-$2,442,337",-2,-3,-2,+73
D,2004-04-23 19:22:52,2004-04-22,AAPL,Cook Timothy D,EVP,S - Sale+OE,$27.59,"-62,000","4,722",-93%,"-$1,710,620",-2,-3,-2,+73
D,2004-04-23 19:23:22,2004-04-22,AAPL,Cook Timothy D,EVP,S - Sale+OE,$27.84,"-158,000","4,722",-97%,"-$4,399,440",-2,-3,-2,+73
D,2004-04-23 19:23:59,2004-04-22,AAPL,Cook Timothy D,EVP,S - Sale+OE,$28.01,"-80,000","4,722",-94%,"-$2,240,440",-2,-3,-2,+73
D,2004-04-23 19:26:22,2004-04-21,AAPL,Anderson Fred D,EVP,S - Sale+OE,$27.52,"-46,000","2,672",-95%,"-$1,266,100",-2,-3,-2,+73
D,2004-04-23 19:27:07,2004-04-21,AAPL,Anderson Fred D,EVP,S - Sale+OE,$27.70,"-76,600","2,672",-97%,"-$2,122,041",-2,-3,-2,+73
D,2004-04-23 19:27:40,2004-04-21,AAPL,Anderson Fred D,EVP,S - Sale+OE,$27.85,"-77,400","2,672",-97%,"-$2,155,586",-2,-3,-2,+73
D,2004-04-23 19:28:28,2004-04-22,AAPL,Anderson Fred D,EVP,S - Sale+OE,$27.32,"-52,000","2,672",-95%,"-$1,420,860",-2,-3,-2,+73
D,2004-04-23 19:29:06,2004-04-22,AAPL,Anderson Fred D,EVP,S - Sale+OE,$27.68,"-34,000","2,672",-93%,"-$941,280",-2,-3,-2,+73
D,2004-04-23 19:29:59,2004-04-22,AAPL,Anderson Fred D,EVP,S - Sale+OE,$27.93,"-48,000","2,672",-95%,"-$1,340,620",-2,-3,-2,+73
D,2004-04-23 19:30:29,2004-04-22,AAPL,Anderson Fred D,EVP,S - Sale+OE,$27.91,"-48,000","2,672",-95%,"-$1,339,520",-2,-3,-2,+73
D,2004-04-23 19:31:06,2004-04-22,AAPL,Anderson Fred D,EVP,S - Sale+OE,$27.87,"-18,000","2,672",-87%,"-$501,660",-2,-3,-2,+73
D,2004-04-27 19:12:48,2004-04-23,AAPL,Anderson Fred D,EVP,S - Sale+OE,$27.25,"-38,000","2,672",-93%,"-$1,035,560",-2,-3,+5,+76
D,2004-04-27 19:13:34,2004-04-23,AAPL,Anderson Fred D,EVP,S - Sale+OE,$27.45,"-62,000","2,672",-96%,"-$1,702,100",-2,-3,+5,+76
D,2004-04-27 19:14:15,2004-04-23,AAPL,Anderson Fred D,EVP,S - Sale+OE,$27.61,"-54,000","2,672",-95%,"-$1,490,860",-2,-3,+5,+76
D,2004-04-27 19:14:51,2004-04-23,AAPL,Anderson Fred D,EVP,S - Sale+OE,$27.83,"-46,000","2,672",-95%,"-$1,280,260",-2,-3,+5,+76
D,2004-04-27 19:15:29,2004-04-23,AAPL,Cook Timothy D,EVP,S - Sale+OE,$27.57,"-78,000","4,722",-94%,"-$2,150,840",-2,-3,+5,+76
D,2004-04-27 19:16:08,2004-04-23,AAPL,Cook Timothy D,EVP,S - Sale+OE,$27.71,"-72,000","4,722",-94%,"-$1,995,303",-2,-3,+5,+76
D,2004-05-03 19:21:50,2004-04-29,AAPL,Rubinstein Jonathan,SVP,S - Sale+OE,$26.73,"-175,000","9,906",-95%,"-$4,677,100",0,+2,+8,+102
D,2004-05-27 19:53:17,2004-05-25,AAPL,Anderson Fred D,EVP,S - Sale+OE,$28.42,"-78,000","2,672",-97%,"-$2,216,561",0,+1,+15,+126
D,2004-05-27 19:54:11,2004-05-25,AAPL,Anderson Fred D,EVP,S - Sale+OE,$28.09,"-122,000","2,672",-98%,"-$3,427,200",0,+1,+15,+126
D,2004-06-04 18:31:36,2004-06-02,AAPL,Anderson Fred D,EVP,S - Sale+OE,$29.04,"-94,400","2,672",-97%,"-$2,741,365",+4,+7,+8,+128
D,2004-06-08 18:31:48,2004-06-04,AAPL,Anderson Fred D,EVP,S - Sale+OE,$29.05,"-257,000","2,672",-99%,"-$7,465,360",0,+1,-1,+119
DM,2004-06-08 18:32:37,2004-06-04,AAPL,Anderson Fred D,EVP,S - Sale+OE,$29.16,"-44,000","2,672",-94%,"-$1,282,860",0,+1,-1,+119
D,2004-06-08 18:33:22,2004-06-07,AAPL,Anderson Fred D,EVP,S - Sale+OE,$29.43,"-44,000","2,672",-94%,"-$1,295,120",0,+1,-1,+119
D,2004-06-08 18:34:00,2004-06-07,AAPL,Anderson Fred D,EVP,S - Sale+OE,$29.75,"-45,100","2,672",-94%,"-$1,341,502",0,+1,-1,+119
D,2004-06-08 18:34:45,2004-06-07,AAPL,Anderson Fred D,EVP,S - Sale+OE,$29.90,"-15,500","2,672",-85%,"-$463,489",0,+1,-1,+119
D,2004-07-21 18:18:43,2004-07-19,AAPL,Rubinstein Jonathan,SVP,S - Sale+OE,$31.89,"-300,000","9,906",-97%,"-$9,567,300",0,+2,0,+121
DM,2004-07-21 18:20:44,2004-07-19,AAPL,Tevanian Avadis,SVP,S - Sale+OE,$32.07,"-350,000","1,252",-100%,"-$11,223,640",0,+2,0,+121
DM,2004-08-30 19:51:41,2004-08-26,AAPL,Serlet Bertrand,SVP,S - Sale+OE,$34.08,"-20,000","3,708",-84%,"-$681,618",+1,+3,+11,+162
DM,2004-09-01 18:54:11,2004-08-30,AAPL,Serlet Bertrand,SVP,S - Sale+OE,$34.11,"-29,900","3,708",-89%,"-$1,019,940",-1,+1,+8,+152
D,2004-09-01 18:54:53,2004-09-01,AAPL,Serlet Bertrand,SVP,S - Sale+OE,$34.32,-100,"3,708",-3%,"-$3,432",-1,+1,+8,+152
D,2004-09-03 18:15:59,2004-09-02,AAPL,Rubinstein Jonathan,SVP,S - Sale+OE,$35.42,"-500,000","11,087",-98%,"-$17,709,000",+1,+2,+10,+141
D,2004-10-05 18:39:49,2004-10-01,AAPL,Rubinstein Jonathan,SVP,S - Sale+OE,$38.81,"-500,000","11,087",-98%,"-$19,403,495",+3,-2,+36,+114
DM,2004-10-08 18:26:36,2004-10-06,AAPL,Serlet Bertrand,SVP,S - Sale+OE,$40.70,"-20,000","3,708",-84%,"-$813,900",-1,+15,+40,+122
AD,2004-10-12 17:40:48,2004-10-01,AAPL,Rubinstein Jonathan,SVP,S - Sale+OE,$38.81,"-500,000","11,087",-98%,"-$19,403,495",+4,+25,+41,+122
DM,2004-10-18 19:13:35,2004-10-14,AAPL,Serlet Bertrand,SVP,S - Sale+OE,$43.74,"-17,948","3,708",-83%,"-$785,013",-1,-1,+16,+52
D,2004-10-18 19:23:56,2004-10-15,AAPL,Serlet Bertrand,SVP,S - Sale+OE,$44.80,"-2,052","3,708",-36%,"-$91,930",-1,-1,+16,+52
D,2004-10-20 18:42:17,2004-10-18,AAPL,Heinen Nancy R,SVP,S - Sale+OE,$44.72,"-350,000","1,315",-100%,"-$15,652,524",+1,+1,+16,+50
D,2004-10-20 18:44:26,2004-10-18,AAPL,Schiller Philip W,SVP,S - Sale+OE,$45.32,"-56,300",128,-100%,"-$2,551,725",+1,+1,+16,+50
D,2004-10-20 18:47:01,2004-10-18,AAPL,Schiller Philip W,SVP,S - Sale+OE,$45.23,"-103,864",128,-100%,"-$4,697,735",+1,+1,+16,+50
D,2004-10-20 18:47:39,2004-10-18,AAPL,Serlet Bertrand,SVP,S - Sale+OE,$44.86,"-10,000","3,708",-73%,"-$448,557",+1,+1,+16,+50
D,2004-10-20 18:48:14,2004-10-18,AAPL,Tevanian Avadis,SVP,S - Sale+OE,$47.04,"-200,000","1,252",-99%,"-$9,408,950",+1,+1,+16,+50
D,2004-10-21 18:28:03,2004-10-19,AAPL,York Jerome B,Dir,S - Sale+OE,$47.63,"-60,000","20,000",-75%,"-$2,857,664",-1,+5,+16,+56
D,2004-10-21 18:28:53,2004-10-19,AAPL,York Jerome B,Dir,S - Sale+OE,$47.49,"-30,000","20,000",-60%,"-$1,424,765",-1,+5,+16,+56
D,2004-11-01 18:33:13,2004-10-28,AAPL,Johnson Ronald B,SVP,S - Sale+OE,$50.59,"-300,000","5,903",-98%,"-$15,176,250",+2,+4,+28,+39
D,2004-11-04 19:00:13,2004-11-02,AAPL,Tevanian Avadis,SVP,S - Sale+OE,$53.00,"-100,000","1,252",-99%,"-$5,300,000",+1,+1,+15,+34
,2004-11-05 18:41:22,2004-11-03,AAPL,Levinson Arthur D,Dir,S - Sale,$55.23,"-40,000","161,600",-20%,"-$2,209,200",-1,+1,+20,+36
D,2004-11-08 19:09:49,2004-11-04,AAPL,Schiller Philip W,SVP,S - Sale+OE,$55.00,"-131,250",128,-100%,"-$7,218,750",-1,+2,+16,+36
D,2005-01-05 18:02:32,2005-01-03,AAPL,Rubinstein Jonathan,SVP,S - Sale+OE,$64.12,"-150,000","11,087",-93%,"-$9,617,670",0,0,+21,+16
DM,2005-01-11 16:33:19,2005-01-07,AAPL,Serlet Bertrand,SVP,S - Sale+OE,$68.76,"-20,000","2,708",-88%,"-$1,375,200",+1,+9,+21,+17
D,2005-01-13 17:29:03,2005-01-11,AAPL,Serlet Bertrand,SVP,S - Sale+OE,$68.25,"-10,000","2,708",-79%,"-$682,500",0,0,+17,+17
DM,2005-01-18 17:12:58,2005-01-13,AAPL,Serlet Bertrand,SVP,S - Sale+OE,$72.06,"-20,000","2,708",-88%,"-$1,441,200",-1,0,+25,+18
D,2005-01-20 17:09:15,2005-01-18,AAPL,Tamaddon Sina,SVP,S - Sale+OE,$60.92,"-100,000","7,612",-93%,"-$6,092,349",0,+3,+25,+24
D,2005-01-20 17:10:10,2005-01-18,AAPL,Rubinstein Jonathan,SVP,S - Sale+OE,$69.79,"-250,000","11,087",-96%,"-$17,447,900",0,+3,+25,+24
D,2005-01-20 17:11:56,2005-01-18,AAPL,Heinen Nancy R,SVP,S - Sale+OE,$69.39,"-150,000","1,315",-99%,"-$10,408,695",0,+3,+25,+24
D,2005-01-20 17:13:01,2005-01-18,AAPL,Heinen Nancy R,SVP,S - Sale+OE,$69.72,"-75,384","1,315",-98%,"-$5,255,456",0,+3,+25,+24
D,2005-01-20 17:13:47,2005-01-18,AAPL,Heinen Nancy R,SVP,S - Sale+OE,$69.93,"-87,179","1,315",-99%,"-$6,096,197",0,+3,+25,+24
D,2005-01-20 17:14:30,2005-01-18,AAPL,Heinen Nancy R,SVP,S - Sale+OE,$70.10,"-60,640","1,315",-98%,"-$4,250,954",0,+3,+25,+24
D,2005-01-20 17:15:12,2005-01-18,AAPL,Heinen Nancy R,SVP,S - Sale+OE,$70.30,"-26,797","1,315",-95%,"-$1,883,928",0,+3,+25,+24
D,2005-01-20 17:17:37,2005-01-18,AAPL,Cook Timothy D,EVP,S - Sale+OE,$69.58,"-34,000","5,903",-85%,"-$2,365,625",0,+3,+25,+24
D,2005-01-20 17:18:22,2005-01-18,AAPL,Cook Timothy D,EVP,S - Sale+OE,$69.87,"-32,000","5,903",-84%,"-$2,235,906",0,+3,+25,+24
D,2005-01-20 17:19:04,2005-01-18,AAPL,Cook Timothy D,EVP,S - Sale+OE,$70.02,"-32,000","5,903",-84%,"-$2,240,674",0,+3,+25,+24
D,2005-01-20 17:19:47,2005-01-18,AAPL,Cook Timothy D,EVP,S - Sale+OE,$70.13,"-32,000","5,903",-84%,"-$2,244,247",0,+3,+25,+24
D,2005-01-20 17:20:34,2005-01-18,AAPL,Cook Timothy D,EVP,S - Sale+OE,$70.25,"-30,000","5,903",-84%,"-$2,107,619",0,+3,+25,+24
D,2005-01-20 17:21:29,2005-01-18,AAPL,Cook Timothy D,EVP,S - Sale+OE,$70.33,"-38,000","5,903",-87%,"-$2,672,700",0,+3,+25,+24
D,2005-01-20 17:22:18,2005-01-18,AAPL,Cook Timothy D,EVP,S - Sale+OE,$70.48,"-41,800","5,903",-88%,"-$2,946,046",0,+3,+25,+24
D,2005-01-20 17:22:50,2005-01-18,AAPL,Cook Timothy D,EVP,S - Sale+OE,$70.59,"-10,200","5,903",-63%,"-$719,984",0,+3,+25,+24
D,2005-01-27 19:47:30,2005-01-25,AAPL,Tevanian Avadis,SVP,S - Sale+OE,$71.22,"-300,000","1,252",-100%,"-$21,365,660",+2,+10,+23,+21
D,2005-01-27 19:47:49,2005-01-25,AAPL,Tamaddon Sina,SVP,S - Sale+OE,$72.27,"-250,000","7,612",-97%,"-$18,067,500",+2,+10,+23,+21
,2005-01-31 17:07:40,2005-01-27,AAPL,Rubinstein Jonathan,SVP,S - Sale,$72.36,"-9,517","1,570",-86%,"-$688,680",+1,+3,+16,+11
D,2005-02-08 17:14:44,2005-02-04,AAPL,Schiller Philip W,SVP,S - Sale+OE,$78.24,"-49,612",128,-100%,"-$3,881,773",-3,+5,-3,+6
D,2005-02-08 17:15:38,2005-02-04,AAPL,Schiller Philip W,SVP,S - Sale+OE,$78.38,"-25,388",128,-99%,"-$1,989,869",-3,+5,-3,+6
,2005-02-18 16:53:03,2005-02-16,AAPL,Levinson Arthur D,Dir,S - Sale,$88.22,"-30,000","131,600",-19%,"-$2,646,684",-2,+2,+1,+7
DM,2005-04-12 17:06:52,2005-04-08,AAPL,Serlet Bertrand,SVP,S - Sale+OE,$44.00,"-40,000","5,416",-88%,"-$1,759,800",-4,-17,-15,+21
D,2005-07-13 17:38:01,2005-07-11,AAPL,Serlet Bertrand,SVP,S - Sale+OE,$38.65,"-1,300","4,416",-23%,"-$50,245",+6,+13,+13,+111
DM,2005-07-18 18:22:00,2005-07-14,AAPL,Serlet Bertrand,SVP,S - Sale+OE,$40.84,"-40,000","4,416",-90%,"-$1,633,400",+4,+6,+15,+106
DM,2005-07-20 17:37:13,2005-07-18,AAPL,Serlet Bertrand,SVP,S - Sale+OE,$41.58,"-40,000","4,416",-90%,"-$1,663,000",-1,0,+8,+90
D,2005-07-22 17:55:54,2005-07-20,AAPL,Serlet Bertrand,SVP,S - Sale+OE,$42.87,"-18,700","4,416",-81%,"-$801,669",0,0,+4,+74
D,2005-08-22 19:22:18,2005-08-18,AAPL,Tevanian Avadis,SVP,S - Sale+OE,$46.09,"-220,000","2,504",-99%,"-$10,140,200",0,0,+16,+51
D,2005-08-22 19:22:37,2005-08-18,AAPL,Tevanian Avadis,SVP,S - Sale+OE,$46.36,"-80,000","2,504",-97%,"-$3,708,700",0,0,+16,+51
D,2005-08-23 18:10:50,2005-08-19,AAPL,Johnson Ronald B,SVP,S - Sale+OE,$46.50,"-450,000","12,597",-97%,"-$20,925,000",0,0,+14,+56
D,2005-08-26 17:36:50,2005-08-24,AAPL,Johnson Ronald B,SVP,S - Sale+OE,$47.00,"-300,000","12,597",-96%,"-$14,100,000",0,+1,+18,+55
D,2005-08-30 17:21:58,2005-08-26,AAPL,Heinen Nancy R,SVP,S - Sale+OE,$46.19,"-125,000","2,630",-98%,"-$5,773,766",+1,+5,+10,+49
D,2005-09-06 16:48:22,2005-09-01,AAPL,Tevanian Avadis,SVP,S - Sale+OE,$46.78,"-300,000","2,504",-99%,"-$14,033,000",0,+6,+11,+38
D,2005-10-05 17:33:48,2005-10-03,AAPL,Tevanian Avadis,SVP,S - Sale+OE,$54.09,"-300,000","2,504",-99%,"-$16,226,445",-2,-2,+13,+27
D,2005-10-19 20:31:01,2005-10-17,AAPL,Oppenheimer Peter,SVP,S - Sale+OE,$52.89,"-16,100","14,143",-53%,"-$851,537",+2,+2,+19,+24
D,2005-10-19 20:31:17,2005-10-17,AAPL,Oppenheimer Peter,SVP,S - Sale+OE,$53.04,"-29,024","14,143",-67%,"-$1,539,475",+2,+2,+19,+24
D,2005-10-19 20:31:52,2005-10-17,AAPL,Oppenheimer Peter,SVP,S - Sale+OE,$53.18,"-26,257","14,143",-65%,"-$1,396,353",+2,+2,+19,+24
D,2005-10-19 20:32:43,2005-10-17,AAPL,Oppenheimer Peter,SVP,S - Sale+OE,$53.77,"-32,800","14,143",-70%,"-$1,763,534",+2,+2,+19,+24
D,2005-10-19 20:33:05,2005-10-17,AAPL,Oppenheimer Peter,SVP,S - Sale+OE,$53.41,"-26,990","14,143",-66%,"-$1,441,642",+2,+2,+19,+24
D,2005-10-19 20:33:28,2005-10-17,AAPL,Oppenheimer Peter,SVP,S - Sale+OE,$53.61,"-28,000","14,143",-66%,"-$1,500,992",+2,+2,+19,+24
D,2005-10-19 20:34:00,2005-10-17,AAPL,Oppenheimer Peter,SVP,S - Sale+OE,$53.28,"-29,429","14,143",-68%,"-$1,567,934",+2,+2,+19,+24
DM,2005-10-19 20:34:21,2005-10-17,AAPL,Oppenheimer Peter,SVP,S - Sale+OE,$53.14,"-23,200","14,143",-62%,"-$1,232,822",+2,+2,+19,+24
D,2005-10-19 20:34:47,2005-10-18,AAPL,Oppenheimer Peter,SVP,S - Sale+OE,$52.54,"-21,100","14,143",-60%,"-$1,108,533",+2,+2,+19,+24
D,2005-10-19 20:35:04,2005-10-18,AAPL,Oppenheimer Peter,SVP,S - Sale+OE,$52.66,"-37,500","14,143",-73%,"-$1,974,677",+2,+2,+19,+24
D,2005-10-19 20:35:30,2005-10-18,AAPL,Oppenheimer Peter,SVP,S - Sale+OE,$52.83,"-22,200","14,143",-61%,"-$1,172,749",+2,+2,+19,+24
D,2005-10-19 20:35:46,2005-10-18,AAPL,Oppenheimer Peter,SVP,S - Sale+OE,$53.04,"-25,800","14,143",-65%,"-$1,368,321",+2,+2,+19,+24
D,2005-10-19 20:36:06,2005-10-18,AAPL,Oppenheimer Peter,SVP,S - Sale+OE,$53.19,"-19,800","14,143",-58%,"-$1,053,222",+2,+2,+19,+24
D,2005-10-19 20:36:44,2005-10-18,AAPL,Oppenheimer Peter,SVP,S - Sale+OE,$53.40,"-26,650","14,143",-65%,"-$1,423,086",+2,+2,+19,+24
D,2005-10-19 20:37:16,2005-10-18,AAPL,Oppenheimer Peter,SVP,S - Sale+OE,$53.59,"-23,250","14,143",-62%,"-$1,246,037",+2,+2,+19,+24
D,2005-10-19 20:38:04,2005-10-18,AAPL,Oppenheimer Peter,SVP,S - Sale+OE,$53.78,"-11,900","14,143",-46%,"-$639,936",+2,+2,+19,+24
D,2005-10-21 08:24:15,2005-10-19,AAPL,Oppenheimer Peter,SVP,S - Sale+OE,$51.44,"-28,300","14,143",-67%,"-$1,455,789",-1,-1,+15,+17
D,2005-10-21 08:24:31,2005-10-19,AAPL,Oppenheimer Peter,SVP,S - Sale+OE,$51.61,"-29,600","14,143",-68%,"-$1,527,789",-1,-1,+15,+17
D,2005-10-21 08:24:51,2005-10-19,AAPL,Oppenheimer Peter,SVP,S - Sale+OE,$51.82,"-34,600","14,143",-71%,"-$1,793,035",-1,-1,+15,+17
D,2005-10-21 08:25:19,2005-10-19,AAPL,Oppenheimer Peter,SVP,S - Sale+OE,$51.98,"-30,200","14,143",-68%,"-$1,569,886",-1,-1,+15,+17
D,2005-10-21 08:26:13,2005-10-19,AAPL,Oppenheimer Peter,SVP,S - Sale+OE,$53.04,"-20,500","14,143",-59%,"-$1,087,355",-1,-1,+15,+17
D,2005-10-21 08:26:39,2005-10-19,AAPL,Oppenheimer Peter,SVP,S - Sale+OE,$53.73,"-21,200","14,143",-60%,"-$1,139,106",-1,-1,+15,+17
D,2005-10-21 08:27:06,2005-10-19,AAPL,Oppenheimer Peter,SVP,S - Sale+OE,$54.25,"-21,700","14,143",-61%,"-$1,177,179",-1,-1,+15,+17
DM,2005-10-21 08:27:22,2005-10-19,AAPL,Oppenheimer Peter,SVP,S - Sale+OE,$54.67,"-22,900","14,143",-62%,"-$1,251,836",-1,-1,+15,+17
D,2005-10-21 08:27:44,2005-10-20,AAPL,Oppenheimer Peter,SVP,S - Sale+OE,$55.14,"-18,300","14,143",-56%,"-$1,009,037",-1,-1,+15,+17
D,2005-10-21 08:28:11,2005-10-20,AAPL,Oppenheimer Peter,SVP,S - Sale+OE,$55.38,"-14,100","14,143",-50%,"-$780,832",-1,-1,+15,+17
D,2005-10-21 08:28:27,2005-10-20,AAPL,Oppenheimer Peter,SVP,S - Sale+OE,$55.56,"-13,600","14,143",-49%,"-$755,644",-1,-1,+15,+17
D,2005-10-21 08:28:50,2005-10-20,AAPL,Oppenheimer Peter,SVP,S - Sale+OE,$55.71,"-19,300","14,143",-58%,"-$1,075,161",-1,-1,+15,+17
D,2005-10-21 08:29:16,2005-10-20,AAPL,Oppenheimer Peter,SVP,S - Sale+OE,$55.85,"-13,000","14,143",-48%,"-$726,044",-1,-1,+15,+17
D,2005-10-21 08:29:32,2005-10-20,AAPL,Oppenheimer Peter,SVP,S - Sale+OE,$55.99,"-22,600","14,143",-62%,"-$1,265,383",-1,-1,+15,+17
D,2005-10-21 08:29:51,2005-10-20,AAPL,Oppenheimer Peter,SVP,S - Sale+OE,$56.10,"-20,900","14,143",-60%,"-$1,172,391",-1,-1,+15,+17
D,2005-10-21 08:30:14,2005-10-20,AAPL,Oppenheimer Peter,SVP,S - Sale+OE,$56.20,"-13,800","14,143",-49%,"-$775,536",-1,-1,+15,+17
D,2005-10-21 08:30:27,2005-10-20,AAPL,Oppenheimer Peter,SVP,S - Sale+OE,$56.33,"-5,400","14,143",-28%,"-$304,168",-1,-1,+15,+17
D,2005-10-21 19:24:39,2005-10-20,AAPL,Serlet Bertrand,SVP,S - Sale+OE,$56.29,"-20,000","5,161",-79%,"-$1,125,800",+2,0,+16,+18
D,2005-10-21 19:24:56,2005-10-21,AAPL,Serlet Bertrand,SVP,S - Sale+OE,$56.48,"-18,100","5,161",-78%,"-$1,022,270",+2,0,+16,+18
D,2005-10-21 19:25:22,2005-10-21,AAPL,Serlet Bertrand,SVP,S - Sale+OE,$56.61,"-1,900","5,161",-27%,"-$107,553",+2,0,+16,+18
D,2005-10-25 17:04:50,2005-10-24,AAPL,Anderson Fred D,Dir,S - Sale+OE,$56.35,"-20,000","5,344",-79%,"-$1,126,928",+2,+3,+18,+21
DM,2005-10-26 18:04:04,2005-10-24,AAPL,Serlet Bertrand,SVP,S - Sale+OE,$56.35,"-40,000","5,161",-89%,"-$2,253,800",-3,+1,+18,+22
D,2005-10-28 16:51:32,2005-10-26,AAPL,Serlet Bertrand,SVP,S - Sale+OE,$56.29,"-20,000","5,161",-79%,"-$1,125,800",+6,+13,+27,+27
D,2005-11-03 21:09:52,2005-11-01,AAPL,Tevanian Avadis,SVP,S - Sale+OE,$57.29,"-235,000","2,504",-99%,"-$13,463,650",-1,-3,+18,+17
D,2005-11-03 21:10:08,2005-11-01,AAPL,Tevanian Avadis,SVP,S - Sale+OE,$57.52,"-65,000","2,504",-96%,"-$3,738,800",-1,-3,+18,+17
D,2005-11-07 21:14:05,2005-11-03,AAPL,Heinen Nancy R,SVP,S - Sale+OE,$306.70,"-75,000","2,630",-97%,"-$23,002,731",-1,+2,+23,+18
D,2005-11-23 16:29:57,2005-11-22,AAPL,Johnson Ronald B,SVP,S - Sale+OE,$65.75,"-200,000","12,597",-94%,"-$13,150,440",+3,+1,+10,-4
D,2005-12-05 16:54:19,2005-12-01,AAPL,Tevanian Avadis,SVP,S - Sale+OE,$69.59,"-300,000","2,504",-99%,"-$20,878,076",+3,+3,+4,-17
D,2006-01-05 17:24:41,2006-01-03,AAPL,Tevanian Avadis,SVP,S - Sale+OE,$73.29,"-300,000","2,504",-99%,"-$21,986,054",+3,+13,-3,-25
D,2006-01-05 17:35:25,2006-01-03,AAPL,Oppenheimer Peter,SVP,S - Sale+OE,$72.66,"-200,000","14,143",-93%,"-$14,532,850",+3,+13,-3,-25
D,2006-01-05 17:49:44,2006-01-04,AAPL,Oppenheimer Peter,SVP,S - Sale+OE,$75.45,"-38,900","14,143",-73%,"-$2,934,898",+3,+13,-3,-25
D,2006-01-05 17:54:56,2006-01-04,AAPL,Oppenheimer Peter,SVP,S - Sale+OE,$74.79,"-25,700","14,143",-65%,"-$1,922,083",+3,+13,-3,-25
D,2006-01-05 17:57:38,2006-01-04,AAPL,Oppenheimer Peter,SVP,S - Sale+OE,$75.04,"-47,690","14,143",-77%,"-$3,578,427",+3,+13,-3,-25
D,2006-01-05 18:02:38,2006-01-04,AAPL,Oppenheimer Peter,SVP,S - Sale+OE,$75.23,"-70,210","14,143",-83%,"-$5,281,549",+3,+13,-3,-25
D,2006-01-06 17:04:37,2006-01-04,AAPL,Serlet Bertrand,SVP,S - Sale+OE,$75.48,"-20,000","5,200",-79%,"-$1,509,600",0,+11,-12,-28
DM,2006-01-10 17:10:23,2006-01-06,AAPL,Serlet Bertrand,SVP,S - Sale+OE,$76.14,"-40,000","5,200",-88%,"-$3,045,400",+4,+5,-16,-33
DM,2006-01-12 17:03:06,2006-01-10,AAPL,Serlet Bertrand,SVP,S - Sale+OE,$80.05,"-40,000","5,200",-88%,"-$3,202,000",+2,-6,-20,-38
D,2006-02-01 18:15:38,2006-01-30,AAPL,Schiller Philip W,SVP,S - Sale+OE,$71.34,"-13,100",256,-98%,"-$934,498",-4,-10,-8,-11
D,2006-02-01 18:17:51,2006-01-30,AAPL,Schiller Philip W,SVP,S - Sale+OE,$71.83,"-11,900",256,-98%,"-$854,761",-4,-10,-8,-11
D,2006-02-01 18:19:02,2006-01-30,AAPL,Schiller Philip W,SVP,S - Sale+OE,$71.96,"-18,800",256,-99%,"-$1,352,903",-4,-10,-8,-11
D,2006-02-01 18:19:59,2006-01-30,AAPL,Schiller Philip W,SVP,S - Sale+OE,$72.22,"-6,200",256,-96%,"-$447,777",-4,-10,-8,-11
D,2006-02-01 18:22:04,2006-01-31,AAPL,Schiller Philip W,SVP,S - Sale+OE,$74.13,"-17,100",256,-99%,"-$1,267,550",-4,-10,-8,-11
D,2006-02-01 18:22:34,2006-01-31,AAPL,Schiller Philip W,SVP,S - Sale+OE,$74.45,"-12,500",256,-98%,"-$930,673",-4,-10,-8,-11
D,2006-02-01 18:24:58,2006-01-31,AAPL,Schiller Philip W,SVP,S - Sale+OE,$74.93,"-20,400",256,-99%,"-$1,528,637",-4,-10,-8,-11
D,2006-02-03 17:56:21,2006-02-01,AAPL,Tevanian Avadis,SVP,S - Sale+OE,$75.49,"-300,000","2,504",-99%,"-$22,645,565",-6,-10,-9,-3
D,2006-02-16 17:52:28,2006-02-14,AAPL,Oppenheimer Peter,SVP,S - Sale+OE,$65.11,"-12,500","14,143",-47%,"-$813,875",0,+2,-9,-4
D,2006-03-01 17:34:14,2006-02-27,AAPL,Heinen Nancy R,SVP,S - Sale+OE,$71.08,"-33,155","2,630",-93%,"-$2,356,658",+1,-4,-10,-3
D,2006-03-01 17:34:32,2006-02-27,AAPL,Heinen Nancy R,SVP,S - Sale+OE,$71.25,"-16,845","2,630",-86%,"-$1,200,183",+1,-4,-10,-3
D,2006-03-03 17:28:31,2006-03-01,AAPL,Tevanian Avadis,SVP,S - Sale+OE,$69.01,"-300,000","2,504",-99%,"-$20,704,200",-3,-5,-7,-1
D,2006-03-28 18:17:25,2006-03-24,AAPL,Cook Timothy D,COO,S - Sale+OE,$59.30,"-62,000","12,597",-83%,"-$3,676,320",+6,+7,+16,+29
D,2006-03-28 18:17:52,2006-03-24,AAPL,Cook Timothy D,COO,S - Sale+OE,$59.74,"-64,000","12,597",-84%,"-$3,823,364",+6,+7,+16,+29
D,2006-03-28 18:18:19,2006-03-24,AAPL,Cook Timothy D,COO,S - Sale+OE,$59.96,"-74,000","12,597",-85%,"-$4,437,060",+6,+7,+16,+29
D,2006-03-28 18:18:35,2006-03-24,AAPL,Cook Timothy D,COO,S - Sale+OE,$60.23,"-70,000","12,597",-85%,"-$4,216,416",+6,+7,+16,+29
D,2006-03-28 18:19:01,2006-03-24,AAPL,Cook Timothy D,COO,S - Sale+OE,$60.72,"-30,000","12,597",-70%,"-$1,821,643",+6,+7,+16,+29
,2006-04-03 17:27:06,2006-03-30,AAPL,Serlet Bertrand,SVP,S - Sale,$62.77,"-25,000","115,825",-18%,"-$1,569,240",-2,+11,+14,+23
D,2006-04-05 17:49:18,2006-04-03,AAPL,Tevanian Avadis,SVP,S - Sale+OE,$63.31,"-300,000","111,004",-73%,"-$18,994,090",+7,+1,+7,+11
D,2006-04-05 17:50:18,2006-04-03,AAPL,Schiller Philip W,SVP,S - Sale+OE,$63.14,"-50,000","135,881",-27%,"-$3,156,958",+7,+1,+7,+11
D,2006-04-05 17:51:26,2006-04-04,AAPL,Schiller Philip W,SVP,S - Sale+OE,$61.85,"-50,000","98,381",-34%,"-$3,092,511",+7,+1,+7,+11
DM,2006-04-07 17:37:28,2006-04-05,AAPL,Serlet Bertrand,SVP,S - Sale+OE,$68.45,"-65,000","90,825",-42%,"-$4,449,200",-2,-5,+3,+7
DM,2006-04-11 16:45:49,2006-04-07,AAPL,Serlet Bertrand,SVP,S - Sale+OE,$70.58,"-40,000","90,825",-31%,"-$2,823,000",-2,-3,+4,+10
D,2006-04-11 16:46:22,2006-04-07,AAPL,Tevanian Avadis,SVP,S - Sale+OE,$69.73,"-200,000","111,004",-64%,"-$13,945,557",-2,-3,+4,+10
D,2006-04-13 17:16:14,2006-04-11,AAPL,Serlet Bertrand,SVP,S - Sale+OE,$69.03,"-20,000","90,825",-18%,"-$1,380,600",-2,+2,+2,+10
,2006-05-02 17:59:14,2006-04-28,AAPL,Rubinstein Jonathan,SVP,S - Sale,$70.91,"-112,293","28,140",-80%,"-$7,962,324",-1,0,-17,+13
D,2006-05-03 17:48:08,2006-05-01,AAPL,Fadell Anthony,SVP,S - Sale+OE,$71.23,"-28,500","1,089",-96%,"-$2,030,022",0,0,-13,+13
D,2006-05-03 17:49:13,2006-05-01,AAPL,Fadell Anthony,SVP,S - Sale+OE,$71.33,"-16,937","1,089",-94%,"-$1,208,055",0,0,-13,+13
M,2006-05-03 21:01:40,2006-05-01,AAPL,Heinen Nancy R,SVP,S - Sale,$70.58,"-108,500","2,630",-98%,"-$7,658,075",0,0,-13,+13
D,2006-05-08 18:08:51,2006-05-04,AAPL,Johnson Ronald B,SVP,S - Sale+OE,$72.01,"-140,693","149,890",-48%,"-$10,131,801",-1,-6,-17,+10
D,2006-05-08 18:09:08,2006-05-04,AAPL,Johnson Ronald B,SVP,S - Sale+OE,$72.26,"-9,307","149,890",-6%,"-$672,531",-1,-6,-17,+10
M,2006-07-06 17:58:40,2006-07-03,AAPL,Schiller Philip W,SVP,S - Sale,$57.22,"-98,125",256,-100%,"-$5,614,938",-1,-5,+24,+52
DM,2006-07-24 17:50:21,2006-07-20,AAPL,Serlet Bertrand,SVP,S - Sale+OE,$60.55,"-40,000","50,825",-44%,"-$2,421,800",+1,+7,+8,+40
ADM,2006-07-26 18:30:34,2006-07-20,AAPL,Serlet Bertrand,SVP,S - Sale+OE,$60.55,"-40,000","91,261",-30%,"-$2,421,800",-1,+5,+6,+36
DM,2006-07-26 18:31:00,2006-07-24,AAPL,Serlet Bertrand,SVP,S - Sale+OE,$61.51,"-40,000","91,261",-30%,"-$2,460,200",-1,+5,+6,+36
D,2006-07-28 17:05:46,2006-07-26,AAPL,Serlet Bertrand,SVP,S - Sale+OE,$62.04,"-20,000","91,261",-18%,"-$1,240,800",+4,+6,+5,+32
,2006-08-02 11:24:42,2006-07-31,AAPL,Serlet Bertrand,SVP,S - Sale,$66.83,"-25,000","66,261",-27%,"-$1,670,750",+1,-4,0,+26
DM,2006-09-01 20:21:37,2006-06-07,AAPL,Fadell Anthony,SVP,P - Purchase,$60.26,+300,"4,821",+7%,"+$18,077",+5,+6,+10,+29
D,2006-09-01 20:21:37,2006-06-28,AAPL,Fadell Anthony,SVP,S - Sale+OE,$55.90,-25,"4,821",-1%,"-$1,398",+5,+6,+10,+29
,2006-09-07 18:12:06,2006-09-05,AAPL,Schmidt Eric E,Dir,P - Purchase,$69.79,"+10,000","12,284",+438%,"+$697,930",0,+2,+3,+22
D,2007-01-04 13:35:10,2006-12-29,AAPL,Serlet Bertrand,SVP,S - Sale+OE,$83.83,"-45,000","40,261",-53%,"-$3,772,459",+2,+16,+1,+58
DM,2007-01-11 20:25:59,2007-01-09,AAPL,Serlet Bertrand,SVP,S - Sale+OE,$93.20,"-65,000","15,261",-81%,"-$6,058,043",-1,-7,-13,+39
DM,2007-01-16 12:54:15,2007-01-11,AAPL,Serlet Bertrand,SVP,S - Sale+OE,$94.96,"-40,000","15,261",-72%,"-$3,798,353",+3,-8,-10,+46
D,2007-01-18 13:01:37,2007-01-16,AAPL,Serlet Bertrand,SVP,S - Sale+OE,$95.73,"-20,000","15,261",-57%,"-$1,914,600",-6,-9,-10,+45
D,2007-02-05 13:42:41,2007-02-01,AAPL,Johnson Ronald B,SVP,S - Sale+OE,$86.12,"-470,000","149,890",-76%,"-$40,475,841",-1,-2,+4,+56
D,2007-02-06 13:07:44,2007-02-02,AAPL,Johnson Ronald B,SVP,S - Sale+OE,$84.43,"-130,000","149,890",-46%,"-$10,975,410",0,+1,+5,+61
D,2007-02-08 16:53:44,2007-02-06,AAPL,Fadell Anthony,SVP,S - Sale+OE,$83.12,"-85,957","3,726",-96%,"-$7,144,340",-3,-1,+2,+56
D,2007-02-08 16:54:05,2007-02-06,AAPL,Fadell Anthony,SVP,S - Sale+OE,$82.98,"-108,639","4,673",-96%,"-$9,014,996",-3,-1,+2,+56
D,2007-02-08 16:55:01,2007-02-06,AAPL,Fadell Anthony,SVP,S - Sale+OE,$83.06,"-7,779","1,222",-86%,"-$646,114",-3,-1,+2,+56
,2007-04-30 19:28:18,2007-04-26,AAPL,Serlet Bertrand,SVP,S - Sale,$101.58,"-10,625","4,636",-70%,"-$1,079,288",0,+1,+15,+83
D,2007-05-02 20:07:56,2007-04-30,AAPL,Fadell Anthony,SVP,S - Sale+OE,$100.05,"-10,000","2,235",-82%,"-$1,000,500",0,+5,+21,+85
,2007-08-01 17:38:41,2007-07-30,AAPL,Oppenheimer Peter,CFO,S - Sale,$144.28,"-135,625","14,143",-91%,"-$19,567,975",+1,0,-1,-2
D,2007-08-01 17:39:48,2007-07-30,AAPL,Campbell William V,Dir,S - Sale+OE,$145.28,"-21,421","253,015",-8%,"-$3,111,970",+1,0,-1,-2
D,2007-08-01 17:40:27,2007-07-30,AAPL,Campbell William V,Dir,S - Sale+OE,$144.94,"-29,029","253,015",-10%,"-$4,207,580",+1,0,-1,-2
D,2007-08-01 17:42:26,2007-07-30,AAPL,Campbell William V,Dir,S - Sale+OE,$144.62,"-26,601","253,015",-10%,"-$3,847,098",+1,0,-1,-2
D,2007-08-01 17:43:49,2007-07-30,AAPL,Campbell William V,Dir,S - Sale+OE,$144.36,"-21,149","253,015",-8%,"-$3,052,966",+1,0,-1,-2
D,2007-08-01 17:44:20,2007-07-30,AAPL,Campbell William V,Dir,S - Sale+OE,$143.94,"-20,800","253,015",-8%,"-$2,993,928",+1,0,-1,-2
D,2007-08-01 17:45:43,2007-07-30,AAPL,Campbell William V,Dir,S - Sale+OE,$143.73,"-1,000","255,015",0%,"-$143,730",+1,0,-1,-2
D,2007-08-17 17:44:37,2007-08-15,AAPL,Fadell Anthony,SVP,S - Sale+OE,$122.79,"-12,000","2,739",-81%,"-$1,473,500",0,+8,+14,+2
D,2007-09-18 21:17:19,2007-09-14,AAPL,Fadell Anthony,SVP,S - Sale+OE,$136.56,"-13,200","5,452",-71%,"-$1,802,648",0,+5,+21,-6
M,2007-10-26 06:12:43,2006-02-28,AAPL,Campbell William V,Dir,P - Purchase,$76.49,"+9,100","2,900",-147%,"+$696,071",+1,+3,-6,-6
M,2007-10-26 06:12:43,2006-04-17,AAPL,Campbell William V,Dir,S - Sale,$92.10,"-6,200","2,900",-68%,"-$571,038",+1,+3,-6,-6
D,2007-10-30 21:37:54,2007-10-26,AAPL,Johnson Ronald B,SVP,S - Sale+OE,$185.01,"-700,000","150,620",-82%,"-$129,505,098",+2,0,-4,-7
,2007-12-03 20:04:59,2007-11-29,AAPL,Drexler Millard S,Dir,S - Sale,$183.69,"-20,000","20,000",-50%,"-$3,673,708",+1,+8,+9,+4
D,2008-02-14 20:50:11,2008-02-12,AAPL,Fadell Anthony,SVP,S - Sale+OE,$128.39,"-25,000","13,649",-65%,"-$3,209,826",-2,-5,-1,+40
D,2008-03-26 21:30:11,2008-03-25,AAPL,Ive Jonathan P,SVP,S - Sale+OE,$139.21,"-109,216",792,-99%,"-$15,204,310",-3,+3,+13,-10
D,2008-03-26 21:33:29,2008-03-25,AAPL,Oppenheimer Peter,"SVP, CFO",S - Sale+OE,$138.55,"-53,155","96,359",-36%,"-$7,364,710",-3,+3,+13,-10
,2008-03-26 21:33:51,2008-03-25,AAPL,Oppenheimer Peter,"SVP, CFO",S - Sale,$138.98,"-66,134","30,225",-69%,"-$9,191,220",-3,+3,+13,-10
,2008-03-26 21:34:22,2008-03-25,AAPL,Oppenheimer Peter,"SVP, CFO",S - Sale,$139.68,"-17,052","13,173",-56%,"-$2,381,754",-3,+3,+13,-10
D,2008-03-26 21:35:02,2008-03-24,AAPL,Cook Timothy D,COO,S - Sale+OE,$134.05,"-82,256","231,071",-26%,"-$11,026,070",-3,+3,+13,-10
,2008-03-26 21:35:44,2008-03-24,AAPL,Cook Timothy D,COO,S - Sale,$134.39,"-113,144","117,927",-49%,"-$15,205,427",-3,+3,+13,-10
,2008-03-26 21:37:32,2008-03-24,AAPL,Cook Timothy D,COO,S - Sale,$135.47,"-13,200","104,727",-11%,"-$1,788,240",-3,+3,+13,-10
,2008-03-26 21:39:23,2008-03-24,AAPL,Cook Timothy D,COO,S - Sale,$137.80,"-12,400","92,327",-12%,"-$1,708,746",-3,+3,+13,-10
,2008-03-26 21:40:01,2008-03-24,AAPL,Cook Timothy D,COO,S - Sale,$138.89,"-14,900","77,427",-16%,"-$2,069,450",-3,+3,+13,-10
,2008-03-26 21:40:56,2008-03-24,AAPL,Cook Timothy D,COO,S - Sale,$139.43,"-22,500","54,927",-29%,"-$3,137,078",-3,+3,+13,-10
,2008-03-26 21:42:31,2008-03-24,AAPL,Cook Timothy D,COO,S - Sale,$139.77,"-21,200","33,727",-39%,"-$2,963,182",-3,+3,+13,-10
,2008-03-26 21:43:07,2008-03-24,AAPL,Cook Timothy D,COO,S - Sale,$140.14,"-16,400","17,327",-49%,"-$2,298,256",-3,+3,+13,-10
,2008-03-26 21:45:09,2008-03-24,AAPL,Cook Timothy D,COO,S - Sale,$140.65,"-4,000","13,327",-23%,"-$562,578",-3,+3,+13,-10
D,2008-03-27 21:14:55,2008-03-25,AAPL,Ive Jonathan P,SVP,S - Sale+OE,$139.03,"-7,042",0,-100%,"-$979,025",+2,+5,+20,-9
,2008-04-30 20:51:53,2008-04-28,AAPL,Serlet Bertrand,SVP,S - Sale,$170.55,"-10,000","129,271",-7%,"-$1,705,449",+3,+7,+7,-47
,2008-04-30 20:52:38,2008-04-29,AAPL,Schiller Philip W,SVP,S - Sale,$172.57,"-136,341",256,-100%,"-$23,528,275",+3,+7,+7,-47
D,2008-07-28 20:14:10,2008-07-24,AAPL,Fadell Anthony,SVP,S - Sale+OE,$163.54,"-158,237","68,136",-70%,"-$25,877,616",+2,+1,+11,-40
,2008-07-30 19:36:03,2008-07-28,AAPL,Forstall Scott J,SVP,S - Sale,$159.57,"-20,866",138,-99%,"-$3,329,588",-1,0,+9,-42
D,2008-08-01 18:15:58,2008-07-30,AAPL,Fadell Anthony,SVP,S - Sale+OE,$158.00,"-20,000","68,136",-23%,"-$3,160,000",-2,+4,+8,-42
D,2008-08-04 19:07:25,2008-07-31,AAPL,Mansfield Robert J,SVP,S - Sale+OE,$161.06,"-22,500","1,014",-96%,"-$3,623,850",+5,+10,+8,-39
D,2008-08-05 19:02:16,2008-08-01,AAPL,Forstall Scott J,SVP,S - Sale+OE,$159.33,"-40,000",138,-100%,"-$6,373,231",+2,+8,+4,-44
D,2008-08-13 20:21:32,2008-08-11,AAPL,Fadell Anthony,SVP,S - Sale+OE,$172.49,"-71,500","68,136",-51%,"-$12,333,035",0,-3,-15,-47
D,2008-09-02 19:32:23,2008-08-28,AAPL,Drexler Millard S,Dir,S - Sale+OE,$175.24,"-30,000","20,000",-60%,"-$5,257,080",0,-5,-31,-46
D,2008-11-04 18:35:31,2008-10-31,AAPL,Drexler Millard S,Dir,S - Sale+OE,$106.89,"-30,000","20,000",-60%,"-$3,206,805",-7,-14,-14,+20
,2009-04-29 17:44:52,2009-04-27,AAPL,Serlet Bertrand,SVP,S - Sale,$122.86,"-10,000","151,693",-6%,"-$1,228,600",+1,+6,+8,+62
,2009-05-05 18:29:33,2009-05-04,AAPL,Rafael Betsy,"VP, Controller, PAO",S - Sale,$128.70,"-7,198",172,-98%,"-$926,383",0,-2,+6,+42
,2009-07-21 21:30:12,2009-07-17,AAPL,Serlet Bertrand,SVP,S - Sale,$149.17,"-10,000","141,781",-7%,"-$1,491,700",+3,+6,+8,+42
D,2009-07-28 18:10:54,2009-07-24,AAPL,Forstall Scott J,SVP,S - Sale+OE,$158.01,"-131,203",0,-100%,"-$20,731,654",0,+4,+6,+29
D,2009-07-28 18:11:21,2009-07-24,AAPL,Mansfield Robert J,SVP,S - Sale+OE,$158.84,"-40,000","17,576",-69%,"-$6,353,600",0,+4,+6,+29
,2009-07-29 18:02:01,2009-07-27,AAPL,Drexler Millard S,Dir,S - Sale,$158.53,"-40,000","40,000",-50%,"-$6,341,200",+2,+3,+5,+30
DM,2009-07-30 18:00:23,2009-07-28,AAPL,Johnson Ronald B,SVP,S - Sale+OE,$160.00,"-250,000","232,875",-52%,"-$40,001,039",0,+1,+4,+23
,2009-08-04 18:03:17,2009-07-31,AAPL,Ive Jonathan P,SVP,S - Sale,$163.82,"-27,713",414,-99%,"-$4,539,847",0,-1,0,+18
D,2009-09-04 18:31:41,2008-01-28,AAPL,Campbell William V,Dir,S - Sale+OE,$131.57,"-2,900",0,-100%,"-$381,553",+2,+1,+9,+29
,2009-10-08 17:46:52,2009-10-06,AAPL,Serlet Bertrand,SVP,S - Sale,$188.42,"-10,000","131,781",-7%,"-$1,884,200",+1,+1,+3,+28
D,2009-10-26 17:30:46,2009-10-22,AAPL,Mansfield Robert J,SVP,S - Sale+OE,$204.19,"-53,562",288,-99%,"-$10,936,825",-3,-7,+2,+29
D,2009-10-26 17:31:25,2009-10-22,AAPL,York Jerome B,Dir,S - Sale+OE,$203.84,"-40,000","50,000",-44%,"-$8,153,600",-3,-7,+2,+29
,2009-10-28 17:35:11,2009-10-26,AAPL,Rafael Betsy,"VP, Controller, PAO",S - Sale,$202.80,"-7,065",172,-98%,"-$1,432,803",+2,-2,+6,+39
D,2009-12-03 18:29:15,2009-12-01,AAPL,Johnson Ronald B,SVP,S - Sale+OE,$201.55,"-200,000","232,875",-46%,"-$40,308,973",-2,+1,+9,+30
,2010-01-06 17:29:05,2010-01-04,AAPL,Serlet Bertrand,SVP,S - Sale,$213.55,"-10,000","120,781",-8%,"-$2,135,500",0,-2,-9,+22
,2010-02-25 19:01:31,2010-02-23,AAPL,Drexler Millard S,Dir,S - Sale,$198.43,"-20,000","20,000",-50%,"-$3,968,514",+1,+4,+12,+19
D,2010-03-25 20:04:12,2010-03-25,AAPL,Schiller Philip W,SVP,S - Sale+OE,$230.15,"-80,415",256,-100%,"-$18,507,271",+2,+4,+19,+27
D,2010-03-25 20:04:49,2010-03-25,AAPL,Oppenheimer Peter,"SVP, CFO",S - Sale+OE,$230.32,"-107,075","9,837",-92%,"-$24,661,921",+2,+4,+19,+27
D,2010-03-25 20:05:31,2010-03-25,AAPL,Johnson Ronald B,SVP,S - Sale+OE,$230.09,"-107,075","232,875",-31%,"-$24,636,630",+2,+4,+19,+27
D,2010-03-25 20:06:31,2010-03-25,AAPL,Cook Timothy D,COO,S - Sale+OE,$229.34,"-159,960","13,741",-92%,"-$36,684,513",+2,+4,+19,+27
,2010-04-02 18:19:39,2010-04-01,AAPL,Serlet Bertrand,SVP,S - Sale,$237.67,"-10,000","191,196",-5%,"-$2,376,700",0,+1,+12,+19
D,2010-04-27 17:29:53,2010-04-23,AAPL,Forstall Scott J,SVP,S - Sale+OE,$267.33,"-45,112","2,712",-94%,"-$12,059,798",0,+2,-6,+17
D,2010-04-27 17:30:57,2010-04-26,AAPL,Papermaster Mark D,SVP,S - Sale+OE,$270.14,"-8,000","2,542",-76%,"-$2,161,130",0,+2,-6,+17
,2010-04-27 17:31:31,2010-04-23,AAPL,Rafael Betsy,"VP, Controller, PAO",S - Sale,$270.88,"-2,136",194,-92%,"-$578,594",0,+2,-6,+17
,2010-04-28 17:57:42,2010-04-26,AAPL,Serlet Bertrand,SVP,S - Sale,$271.98,"-15,000","176,196",-8%,"-$4,079,700",+3,-1,-7,+18
D,2010-05-06 17:01:43,2010-05-04,AAPL,Levinson Arthur D,Dir,S - Sale+OE,$262.13,"-45,000","240,015",-16%,"-$11,795,670",-4,+6,+4,+25
D,2010-06-10 17:30:48,2010-06-08,AAPL,Levinson Arthur D,Dir,S - Sale+OE,$252.46,"-30,000","240,015",-11%,"-$7,573,641",+1,+7,+4,+28
,2010-08-05 20:06:05,2010-08-05,AAPL,Sewell D Bruce,"SVP, Gen'l Counsel, Secretary",S - Sale,$261.55,-125,125,-50%,"-$32,694",-1,-4,-4,+31
,2010-09-22 18:25:44,2010-09-20,AAPL,Serlet Bertrand,SVP,S - Sale,$278.14,"-10,000","166,314",-6%,"-$2,781,400",0,0,+8,+19
D,2010-09-23 17:53:41,2010-09-22,AAPL,Sewell D Bruce,"SVP, Gen'l Counsel, Secretary",S - Sale+OE,$286.87,"-13,682",0,-100%,"-$3,924,906",+1,-1,+7,+17
,2010-09-27 17:48:13,2010-09-23,AAPL,Serlet Bertrand,SVP,S - Sale,$291.39,"-10,000","156,314",-6%,"-$2,913,900",-1,-3,+6,+21
,2010-10-08 06:11:03,2010-10-06,AAPL,Serlet Bertrand,SVP,S - Sale,$289.61,"-10,000","146,314",-6%,"-$2,896,100",+2,+5,+10,+17
M,2010-10-19 17:54:36,2010-10-15,AAPL,Serlet Bertrand,SVP,S - Sale,$311.13,"-15,000","131,314",-10%,"-$4,666,900",0,0,-3,+7
,2010-10-25 20:15:33,2010-10-21,AAPL,Rafael Betsy,"VP, Corporate Controller",S - Sale,$313.18,"-7,135",312,-96%,"-$2,234,536",0,-3,+1,+14
D,2010-10-25 20:16:02,2010-10-21,AAPL,Mansfield Robert J,SVP,S - Sale+OE,$308.00,"-40,000","40,831",-49%,"-$12,320,000",0,-3,+1,+14
D,2010-10-29 19:04:22,2010-10-28,AAPL,Johnson Ronald B,SVP,S - Sale+OE,$306.07,"-150,000","232,875",-39%,"-$45,910,500",+1,+6,+5,+16
,2010-11-04 18:06:05,2010-11-02,AAPL,Levinson Arthur D,Dir,S - Sale,$307.00,"-15,000","225,015",-6%,"-$4,605,000",0,0,0,+9
,2010-12-02 18:01:17,2010-11-30,AAPL,Drexler Millard S,Dir,S - Sale,$313.16,"-8,000","12,000",-40%,"-$2,505,280",0,+1,+1,+9
,2011-01-12 19:21:26,2011-01-10,AAPL,Serlet Bertrand,SVP,S - Sale,$339.21,"-10,000","121,314",-8%,"-$3,392,100",0,-2,+3,+4
D,2011-02-03 20:29:14,2011-02-01,AAPL,Williams Jeffrey E,SVP,S - Sale+OE,$344.45,"-24,500","101,866",-19%,"-$8,439,036",+1,+4,+5,+14
D,2011-02-09 18:32:12,2011-02-07,AAPL,Williams Jeffrey E,SVP,S - Sale+OE,$350.00,"-8,000","32,183",-20%,"-$2,800,000",-1,0,-3,+4
,2011-02-10 19:09:52,2011-02-08,AAPL,Serlet Bertrand,SVP,S - Sale,$355.37,"-10,000","111,309",-8%,"-$3,553,700",+1,+2,-1,+3
DM,2011-03-03 19:14:48,2011-03-01,AAPL,Williams Jeffrey E,SVP,S - Sale+OE,$350.87,"-30,096","4,587",-87%,"-$10,559,639",0,-2,-3,+9
D,2011-03-14 20:01:11,2011-03-11,AAPL,Cook Timothy D,COO,S - Sale+OE,$346.26,"-20,283","13,754",-60%,"-$7,023,136",-2,-7,-6,+7
D,2011-04-04 20:02:46,2011-04-01,AAPL,Williams Jeffrey E,SVP,S - Sale+OE,$349.43,"-2,500","4,587",-35%,"-$873,564",-1,-2,+2,+12
D,2011-04-19 17:54:12,2011-04-18,AAPL,Williams Jeffrey E,SVP,S - Sale+OE,$323.80,"-3,998","4,587",-47%,"-$1,294,545",+1,+4,+1,+25
,2011-04-26 19:39:39,2011-04-25,AAPL,Mansfield Robert J,SVP,S - Sale,$351.89,"-38,863",501,-99%,"-$13,675,505",0,-1,-5,+12
,2011-04-26 19:40:40,2011-04-25,AAPL,Rafael Betsy,"VP, Corporate Controller",S - Sale,$351.92,"-2,956",0,-100%,"-$1,040,285",0,-1,-5,+12
,2011-04-28 20:21:37,2011-04-28,AAPL,Sewell D Bruce,"SVP, Gen'l Counsel, Secretary",S - Sale,$346.91,-92,0,-100%,"-$31,916",+1,+1,-3,+15
D,2011-05-04 19:34:23,2011-05-02,AAPL,Williams Jeffrey E,SVP,S - Sale+OE,$348.03,"-6,874",213,-97%,"-$2,392,375",-1,0,-1,+16
,2011-05-04 19:34:47,2011-05-03,AAPL,Levinson Arthur D,Dir,S - Sale,$347.91,"-15,000","210,728",-7%,"-$5,218,644",-1,0,-1,+16
D,2011-06-02 20:59:07,2011-06-01,AAPL,Williams Jeffrey E,SVP,S - Sale+OE,$349.08,"-2,500",213,-92%,"-$872,694",-1,-4,-3,+8
D,2011-07-05 19:53:49,2011-07-01,AAPL,Williams Jeffrey E,SVP,S - Sale+OE,$339.34,"-2,000",213,-90%,"-$678,685",+1,+1,+12,+16
D,2011-07-07 19:16:50,2011-07-06,AAPL,Williams Jeffrey E,SVP,S - Sale+OE,$350.00,-500,213,-70%,"-$175,000",+1,0,+6,+16
D,2011-07-20 18:30:32,2011-07-19,AAPL,Williams Jeffrey E,SVP,S - Sale+OE,$377.92,"-3,000",213,-93%,"-$1,133,760",0,+4,-2,+11
DM,2011-07-27 19:02:33,2011-07-25,AAPL,Williams Jeffrey E,SVP,S - Sale+OE,$400.00,"-3,000",213,-93%,"-$1,200,000",0,-1,-4,+13
D,2011-07-27 19:03:01,2011-07-25,AAPL,Campbell William V,Dir,S - Sale+OE,$389.96,"-10,000",990,-91%,"-$3,899,577",0,-1,-4,+13
D,2011-08-02 19:04:11,2011-08-01,AAPL,Williams Jeffrey E,SVP,S - Sale+OE,$394.79,"-3,000",213,-93%,"-$1,184,355",+1,-9,0,+17
D,2011-09-02 18:46:49,2011-09-01,AAPL,Williams Jeffrey E,SVP,S - Sale+OE,$383.80,"-3,000",213,-93%,"-$1,151,413",+2,+1,0,+42
D,2011-09-19 19:17:52,2011-09-16,AAPL,Williams Jeffrey E,SVP,S - Sale+OE,$400.00,"-1,000",213,-82%,"-$400,000",0,-2,+2,+47
D,2011-09-23 18:50:43,2011-09-22,AAPL,Sewell D Bruce,"SVP, Gen'l Counsel, Secretary",S - Sale+OE,$403.77,"-13,572",70,-99%,"-$5,479,949",0,-3,-3,+48
D,2011-10-04 18:52:21,2011-10-03,AAPL,Williams Jeffrey E,SVP,S - Sale+OE,$377.73,"-3,000",213,-93%,"-$1,133,198",+2,+4,+6,+69
D,2011-10-12 19:01:00,2011-10-11,AAPL,Williams Jeffrey E,SVP,S - Sale+OE,$400.00,-500,213,-70%,"-$200,000",+2,+5,-2,+55
D,2011-10-18 19:01:49,2011-10-17,AAPL,Williams Jeffrey E,SVP,S - Sale+OE,$420.69,"-3,998",213,-95%,"-$1,681,902",-6,-4,-8,+44
D,2011-10-20 19:00:39,2011-10-19,AAPL,Williams Jeffrey E,SVP,S - Sale+OE,$403.14,"-5,332",213,-96%,"-$2,149,557",-1,+1,-4,+45
,2011-10-24 19:02:01,2011-10-21,AAPL,Rafael Betsy,"VP, Corporate Controller",S - Sale,$397.89,"-7,595",52,-99%,"-$3,021,959",-2,0,-9,+39
DM,2011-11-03 19:01:04,2011-11-01,AAPL,Williams Jeffrey E,SVP,S - Sale+OE,$397.33,"-3,500",213,-94%,"-$1,390,654",-1,-2,-3,+41
,2011-11-03 19:01:27,2011-11-01,AAPL,Levinson Arthur D,Dir,S - Sale,$396.97,"-15,000","195,728",-7%,"-$5,954,523",-1,-2,-3,+41
D,2011-11-22 18:03:34,2011-11-21,AAPL,Jung Andrea,Dir,S - Sale+OE,$367.00,"-10,000",77,-99%,"-$3,670,000",-3,-1,+5,+53
,2011-11-30 19:08:57,2011-11-29,AAPL,Iger Robert A,Dir,P - Purchase,$374.90,"+2,670","2,745",>999%,"+$1,000,973",+2,+2,+6,+52
D,2011-12-02 18:57:55,2011-12-01,AAPL,Williams Jeffrey E,SVP,S - Sale+OE,$385.72,"-3,000",213,-93%,"-$1,157,170",+1,0,+6,+45
D,2011-12-27 18:44:18,2011-12-23,AAPL,Williams Jeffrey E,SVP,S - Sale+OE,$400.00,-500,213,-70%,"-$200,000",-1,+1,+9,+41
D,2012-01-04 18:58:38,2012-01-03,AAPL,Williams Jeffrey E,SVP,S - Sale+OE,$410.72,"-1,500",213,-88%,"-$616,084",+1,+2,+10,+45
D,2012-01-31 19:03:02,2012-01-30,AAPL,Mansfield Robert J,SVP,S - Sale+OE,$452.28,"-30,000",501,-98%,"-$13,568,529",0,+2,+19,+31
,2012-02-14 18:57:08,2012-02-13,AAPL,Levinson Arthur D,Dir,S - Sale,$499.61,"-10,000","186,312",-5%,"-$4,996,137",-2,+1,+16,+25
D,2012-03-12 19:01:28,2012-03-12,AAPL,Cook Timothy D,CEO,S - Sale+OE,$550.16,"-20,178","13,817",-59%,"-$11,101,164",+3,+6,+14,+24
D,2012-03-27 20:47:52,2012-03-26,AAPL,Schiller Philip W,SVP,S - Sale+OE,$602.66,"-64,151",386,-99%,"-$38,661,269",+1,+1,-1,+13
D,2012-03-27 20:49:35,2012-03-26,AAPL,Oppenheimer Peter,"SVP, CFO",S - Sale+OE,$598.76,"-80,147","4,793",-94%,"-$47,988,623",+1,+1,-1,+13
D,2012-03-27 20:54:52,2012-03-26,AAPL,Cook Timothy D,CEO,S - Sale+OE,$600.79,"-106,640","13,817",-89%,"-$64,067,916",+1,+1,-1,+13
D,2012-04-17 21:22:36,2012-04-16,AAPL,Williams Jeffrey E,SVP,S - Sale+OE,$589.60,"-4,073",276,-94%,"-$2,401,433",0,-7,-10,+4
D,2012-04-30 19:01:22,2012-04-27,AAPL,Drexler Millard S,Dir,S - Sale+OE,$603.52,"-40,000",584,-99%,"-$24,140,684",0,-3,-2,+5
,2012-04-30 19:01:59,2012-04-27,AAPL,Forstall Scott J,SVP,S - Sale,$603.78,"-64,151","2,988",-96%,"-$38,732,748",0,-3,-2,+5
,2012-05-09 19:00:57,2012-05-08,AAPL,Levinson Arthur D,Dir,S - Sale,$564.66,"-7,500","178,812",-4%,"-$4,234,960",0,-3,0,-1
,2012-05-10 18:59:50,2012-05-09,AAPL,Rafael Betsy,"VP, Corporate Controller",S - Sale,$572.19,"-2,954",114,-96%,"-$1,690,243",-1,-4,+2,-5
D,2012-07-31 18:40:29,2012-07-30,AAPL,Campbell William V,Dir,S - Sale+OE,$590.39,"-10,000","1,574",-86%,"-$5,903,927",-1,+2,+11,-25
,2012-08-09 18:34:58,2012-08-08,AAPL,Levinson Arthur D,Dir,S - Sale,$619.17,"-7,500","171,312",-4%,"-$4,643,748",0,+2,+10,-22
D,2012-09-04 21:51:15,2012-08-31,AAPL,Drexler Millard S,Dir,S - Sale+OE,$663.75,"-25,000",584,-98%,"-$16,593,750",-1,-2,-2,-36
D,2012-09-25 18:31:47,2012-09-24,AAPL,Sewell D Bruce,"SVP, Gen'l Counsel, Secretary",S - Sale+OE,$688.39,"-3,381","10,275",-25%,"-$2,327,441",-1,-2,-9,-33
D,2012-10-17 18:38:30,2012-10-16,AAPL,Williams Jeffrey E,SVP,S - Sale+OE,$642.66,"-4,014",276,-94%,"-$2,579,633",-2,-5,-18,-37
,2012-11-02 18:33:48,2012-11-01,AAPL,Sewell D Bruce,"SVP, Gen'l Counsel, Secretary",S - Sale,$600.00,"-5,137","5,138",-50%,"-$3,082,200",+1,-6,+2,-19
,2012-11-09 18:35:58,2012-11-08,AAPL,Levinson Arthur D,Dir,S - Sale,$560.65,"-7,500","163,812",-4%,"-$4,204,875",-1,-4,-3,-16
,2012-11-09 18:39:35,2012-11-08,AAPL,Sewell D Bruce,"SVP, Gen'l Counsel, Secretary",S - Sale,$549.17,"-5,138",0,-100%,"-$2,821,631",-1,-4,-3,-16
M,2012-11-16 18:33:58,2012-11-15,AAPL,Riccio Daniel J.,SVP,S - Sale,$529.69,"-20,226",0,-100%,"-$10,713,452",+7,+8,-2,-15
,2012-11-20 18:35:55,2012-11-19,AAPL,Iger Robert A,Dir,P - Purchase,$563.35,"+1,780","4,667",+62%,"+$1,002,770",0,+4,-6,-20
,2012-11-29 18:30:21,2012-11-28,AAPL,Mansfield Robert L,SVP,S - Sale,$582.21,"-35,000","29,548",-54%,"-$20,377,508",-1,-9,-14,-23
,2012-12-04 18:30:24,2012-11-30,AAPL,Cue Eduardo H,SVP,S - Sale,$583.99,"-15,000",285,-98%,"-$8,759,871",-6,-8,-6,-21
D,2013-04-17 18:50:30,2013-04-16,AAPL,Williams Jeffrey E,SVP,S - Sale+OE,$424.70,"-2,174",317,-87%,"-$923,287",-3,+1,+7,+23
,2013-06-26 18:39:47,2013-06-24,AAPL,Williams Jeffrey E,SVP,S - Sale,$401.76,"-36,819",317,-99%,"-$14,792,265",-1,+5,+10,+44
,2013-06-26 18:40:17,2013-06-24,AAPL,Sewell D Bruce,"SVP, Gen'l Counsel, Secretary",S - Sale,$402.05,"-37,172",10,-100%,"-$14,944,831",-1,+5,+10,+44
,2013-07-26 06:01:39,2013-07-24,AAPL,Oppenheimer Peter,"SVP, CFO",S - Sale,$440.31,"-37,172","4,834",-88%,"-$16,367,203",+1,+4,+15,+26
D,2013-07-31 18:32:47,2013-07-29,AAPL,Drexler Millard S,Dir,S - Sale+OE,$449.11,"-32,562",971,-97%,"-$14,624,057",+1,+3,+9,+12
D,2013-07-31 18:33:30,2013-07-29,AAPL,Campbell William V,Dir,S - Sale+OE,$440.77,"-10,000","1,961",-84%,"-$4,407,670",+1,+3,+9,+12
M,2013-08-16 18:48:45,2013-08-14,AAPL,Riccio Daniel J.,SVP,S - Sale,$500.09,"-4,305",0,-100%,"-$2,152,906",+1,0,-10,+10
,2013-08-16 18:50:23,2013-08-14,AAPL,Schiller Philip W,SVP,S - Sale,$500.00,"-37,172",386,-99%,"-$18,586,000",+1,0,-10,+10
D,2013-08-27 18:34:37,2013-08-26,AAPL,Cue Eduardo H,SVP,S - Sale+OE,$504.18,"-24,580","1,891",-93%,"-$12,392,700",0,0,-1,+7
D,2013-09-24 18:42:50,2013-09-23,AAPL,Sewell D Bruce,"SVP, Gen'l Counsel, Secretary",S - Sale+OE,$489.18,"-12,314",10,-100%,"-$6,023,698",-2,-3,+6,+13
D,2013-10-17 18:33:04,2013-10-16,AAPL,Williams Jeffrey E,SVP,S - Sale+OE,$501.09,"-1,843",317,-85%,"-$923,516",+1,+4,+5,+5
,2013-11-01 18:40:24,2013-10-31,AAPL,Riccio Daniel J.,SVP,S - Sale,$524.86,"-1,997","1,996",-50%,"-$1,048,148",+1,-1,+7,+17
,2013-11-06 18:35:30,2013-11-05,AAPL,Maestri Luca,"VP, Corporate Controller",S - Sale,$525.65,"-2,490",0,-100%,"-$1,308,875",-2,0,+9,+14
,2013-11-22 18:29:41,2013-11-20,AAPL,Riccio Daniel J.,SVP,S - Sale,$517.39,"-1,996",0,-100%,"-$1,032,704",+1,+7,+10,+22
,2014-01-03 18:36:12,2013-12-31,AAPL,Riccio Daniel J.,SVP,S - Sale,$554.20,"-3,066","9,192",-25%,"-$1,699,177",+1,-1,-7,+23
,2014-01-27 21:46:16,2014-01-23,AAPL,Riccio Daniel J.,SVP,S - Sale,$550.28,"-3,064","6,128",-33%,"-$1,686,059",-8,-9,-5,+26
,2014-02-27 18:30:29,2014-02-25,AAPL,Riccio Daniel J.,SVP,S - Sale,$524.90,"-3,064","3,064",-50%,"-$1,608,284",0,+1,+2,+36
M,2014-03-11 18:31:19,2014-03-07,AAPL,Maestri Luca,"VP, Corporate Controller",S - Sale,$531.73,"-2,584",0,-100%,"-$1,373,978",0,-2,-2,+30
,2014-03-31 18:31:20,2014-03-27,AAPL,Riccio Daniel J.,SVP,S - Sale,$537.66,"-3,064",0,-100%,"-$1,647,395",+1,-1,+10,+33
,2014-04-24 18:34:41,2014-04-22,AAPL,Riccio Daniel J.,SVP,S - Sale,$530.05,-616,"1,839",-25%,"-$326,513",+1,+4,+8,+30
,2014-04-28 18:32:01,2014-04-24,AAPL,Maestri Luca,"VP, Corporate Controller",S - Sale,$566.38,-867,0,-100%,"-$491,047",0,0,+6,+26
,2014-05-30 18:31:09,2014-05-28,AAPL,Riccio Daniel J.,SVP,S - Sale,$626.41,-613,"1,226",-33%,"-$383,989",-1,+2,+2,+31
D,2014-06-03 18:31:07,2014-05-30,AAPL,Levinson Arthur D,Dir,S - Sale+OE,$643.06,"-10,000","164,698",-6%,"-$6,430,632",+1,+3,+3,+32
,2014-06-26 18:31:12,2014-06-24,AAPL,Riccio Daniel J.,SVP,S - Sale,$91.26,"-4,291","4,291",-50%,"-$391,608",+1,+3,+7,+25
,2014-07-25 18:30:36,2014-07-23,AAPL,Riccio Daniel J.,SVP,S - Sale,$97.32,"-4,291",0,-100%,"-$417,583",+1,-2,+4,+17
D,2014-08-12 18:46:44,2014-08-08,AAPL,Levinson Arthur D,Dir,S - Sale+OE,$94.49,"-70,000","1,152,886",-6%,"-$6,613,979",+1,+3,+5,+28
D,2014-09-08 19:59:59,2014-09-05,AAPL,Maestri Luca,"SVP, CFO",S - Sale+OE,$99.15,"-4,100","12,274",-25%,"-$406,515",0,+3,+1,+30
M,2014-09-11 18:35:34,2014-09-09,AAPL,Maestri Luca,"SVP, CFO",S - Sale,$99.79,"-12,274",0,-100%,"-$1,224,772",0,0,0,+24
D,2014-09-23 18:32:58,2014-09-22,AAPL,Schiller Philip W,SVP,S - Sale+OE,$101.07,"-348,846","2,701",-99%,"-$35,256,000",-1,-3,0,+25
D,2014-09-23 18:33:24,2014-09-22,AAPL,Williams Jeffrey E,SVP,S - Sale+OE,$101.00,"-348,846","2,608",-99%,"-$35,233,446",-1,-3,0,+25
D,2014-09-23 18:34:20,2014-09-22,AAPL,Sewell D Bruce,"SVP, Gen'l Counsel, Secretary",S - Sale+OE,$101.46,"-348,846",459,-100%,"-$35,393,915",-1,-3,0,+25
D,2014-09-23 18:34:46,2014-09-22,AAPL,Cook Timothy D,CEO,S - Sale+OE,$101.17,"-348,425","950,767",-27%,"-$35,250,297",-1,-3,0,+25
,2014-10-23 18:31:52,2014-10-21,AAPL,Maestri Luca,"SVP, CFO",S - Sale,$102.11,"-6,116",0,-100%,"-$624,524",0,+2,+12,+26
,2014-10-31 18:31:22,2014-10-30,AAPL,Cue Eduardo H,SVP,S - Sale,$106.79,"-261,935","22,229",-92%,"-$27,970,743",+1,+1,+7,+20
,2014-11-07 18:31:58,2014-11-05,AAPL,Riccio Daniel J.,SVP,S - Sale,$108.81,"-3,806","11,412",-25%,"-$414,131",0,+4,+3,+17
,2014-11-21 18:30:40,2014-11-20,AAPL,Riccio Daniel J.,SVP,S - Sale,$116.43,"-3,804","7,608",-33%,"-$442,888",+2,+2,-3,+12
M,2014-11-25 18:29:35,2014-11-21,AAPL,Federighi Craig,SVP,S - Sale,$116.81,"-81,543","237,049",-26%,"-$9,524,806",+1,-3,-5,+13
,2015-01-02 18:30:06,2014-12-30,AAPL,Riccio Daniel J.,SVP,S - Sale,$112.86,"-3,804","3,804",-50%,"-$429,329",-3,+2,+8,+16
,2015-01-27 18:30:31,2015-01-23,AAPL,Riccio Daniel J.,SVP,S - Sale,$112.76,"-3,804",0,-100%,"-$428,955",+6,+8,+18,+13
D,2015-02-20 18:31:14,2015-02-18,AAPL,Jung Andrea,Dir,S - Sale+OE,$128.13,"-40,000","14,595",-73%,"-$5,125,200",+3,+1,-3,-10
D,2015-03-06 19:38:01,2015-03-06,AAPL,Maestri Luca,"SVP, CFO",S - Sale+OE,$128.80,"-3,400","14,124",-19%,"-$437,920",0,-2,+1,-11
,2015-03-11 18:35:59,2015-03-09,AAPL,Maestri Luca,"SVP, CFO",S - Sale,$128.97,"-2,800","11,324",-20%,"-$361,116",+2,+4,+3,-7
,2015-03-20 18:31:29,2015-03-18,AAPL,Maestri Luca,"SVP, CFO",S - Sale,$128.82,"-10,823",501,-96%,"-$1,394,219",+1,-1,+1,-9
D,2015-04-03 18:31:05,2015-04-02,AAPL,Ahrendts Angela J,SVP,S - Sale+OE,$124.80,"-25,000","99,728",-20%,"-$3,119,874",-1,0,+1,-13
M,2015-04-08 18:30:37,2015-04-06,AAPL,Ahrendts Angela J,SVP,S - Sale,$126.88,"-44,197","55,531",-44%,"-$5,607,762",+1,+1,0,-11
D,2015-04-17 18:31:05,2015-04-16,AAPL,Maestri Luca,"SVP, CFO",S - Sale+OE,$126.84,-700,"5,936",-11%,"-$88,788",+2,+4,+4,-11
M,2015-04-22 18:34:43,2015-04-20,AAPL,Maestri Luca,"SVP, CFO",S - Sale,$127.71,"-5,936",0,-100%,"-$758,080",+1,+2,+2,-13
,2015-05-04 18:31:18,2015-04-30,AAPL,Riccio Daniel J.,SVP,S - Sale,$125.84,"-24,090","72,255",-25%,"-$3,031,463",-2,0,+1,-6
DM,2015-05-05 19:31:40,2015-05-04,AAPL,Ahrendts Angela J,SVP,S - Sale+OE,$128.52,"-37,897","95,042",-29%,"-$4,870,494",-1,+1,+4,-4
,2015-05-29 18:54:18,2015-05-27,AAPL,Riccio Daniel J.,SVP,S - Sale,$131.71,"-24,085","48,170",-33%,"-$3,172,206",0,-1,-3,-8
D,2015-06-01 18:30:45,2015-05-28,AAPL,Levinson Arthur D,Dir,S - Sale+OE,$131.47,"-70,000","1,147,283",-6%,"-$9,202,900",0,-1,-5,-9
,2015-06-26 18:33:51,2015-06-24,AAPL,Riccio Daniel J.,SVP,S - Sale,$128.81,"-24,085","24,085",-50%,"-$3,102,373",-2,0,-3,-13
DM,2015-07-21 20:33:11,2015-07-20,AAPL,Ahrendts Angela J,SVP,S - Sale+OE,$131.62,"-44,789","95,042",-32%,"-$5,895,168",-4,-6,-10,-25
,2015-07-28 18:30:31,2015-07-24,AAPL,Riccio Daniel J.,SVP,S - Sale,$124.78,"-24,085",0,-100%,"-$3,005,258",0,-4,-16,-18
M,2015-07-28 18:31:06,2015-07-24,AAPL,Wagner Susan,Dir,P - Purchase,$123.49,"+3,800","5,246",+263%,"+$469,274",0,-4,-16,-18
D,2015-09-09 20:01:15,2015-09-08,AAPL,Maestri Luca,"SVP, CFO",S - Sale+OE,$111.48,"-16,618",210,-99%,"-$1,852,588",+2,+5,+1,-7
D,2015-10-05 18:36:31,2015-10-02,AAPL,Williams Jeffrey E,SVP,S - Sale+OE,$110.49,"-46,873","2,868",-94%,"-$5,178,804",0,+1,+9,0
D,2015-10-07 21:46:12,2015-10-06,AAPL,Maestri Luca,"SVP, CFO",S - Sale+OE,$110.14,"-7,782",210,-97%,"-$857,094",-1,+1,+10,-1
D,2015-10-19 18:31:23,2015-10-16,AAPL,Maestri Luca,"SVP, CFO",S - Sale+OE,$111.88,"-3,300","3,118",-51%,"-$369,204",+2,+7,+3,-3
,2015-10-22 18:46:45,2015-10-20,AAPL,Maestri Luca,"SVP, CFO",S - Sale,$111.88,"-2,908",210,-93%,"-$325,347",+3,+3,+3,-8
M,2015-11-03 18:47:00,2015-10-30,AAPL,Cook Timothy D,CEO,S - Sale,$120.48,"-90,593","1,079,598",-8%,"-$10,914,625",0,-1,-5,-23
,2015-11-03 18:47:43,2015-10-30,AAPL,Cue Eduardo H,SVP,S - Sale,$120.11,"-200,000","46,177",-81%,"-$24,022,820",0,-1,-5,-23
,2015-11-03 18:48:31,2015-11-02,AAPL,Riccio Daniel J.,SVP,S - Sale,$120.81,"-13,588","40,755",-25%,"-$1,641,626",0,-1,-5,-23
M,2015-11-06 18:31:01,2015-11-04,AAPL,Cook Timothy D,CEO,S - Sale,$122.08,"-30,000","1,049,598",-3%,"-$3,662,400",0,-4,-2,-22
,2015-11-10 18:30:58,2015-11-09,AAPL,Cook Timothy D,CEO,S - Sale,$120.81,"-10,000","1,039,598",-1%,"-$1,208,100",-1,-2,-1,-19
D,2016-02-03 18:34:43,2016-02-02,AAPL,Levinson Arthur D,Dir,S - Sale+OE,$95.47,"-2,008","1,147,283",0%,"-$191,704",+1,-1,+6,+10
,2016-03-17 18:30:28,2016-03-15,AAPL,Maestri Luca,"SVP, CFO",S - Sale,$103.92,"-18,241",421,-98%,"-$1,895,605",0,0,+4,+7
D,2016-03-23 18:31:48,2016-03-22,AAPL,Williams Jeffrey E,COO,S - Sale+OE,$106.91,"-268,644","3,079",-99%,"-$28,720,730",0,+3,0,+8
,2016-04-01 18:33:33,2016-03-30,AAPL,Schiller Philip W,SVP,S - Sale,$110.01,"-268,644","49,575",-84%,"-$29,553,526",+1,-1,-15,+5
D,2016-04-05 18:32:37,2016-04-04,AAPL,Schiller Philip W,SVP,S - Sale+OE,$111.68,"-26,284","49,575",-35%,"-$2,935,397",+1,-1,-13,+4
D,2016-04-05 18:33:38,2016-04-04,AAPL,Williams Jeffrey E,COO,S - Sale+OE,$111.43,"-26,284","3,079",-90%,"-$2,928,826",+1,-1,-13,+4
,2016-05-25 18:32:30,2016-05-23,AAPL,Sewell D Bruce,"SVP, Gen'l Counsel, Secretary",S - Sale,$96.78,"-103,300","239,432",-30%,"-$9,997,374",+1,-1,-4,+14
M,2016-05-31 18:32:42,2016-05-26,AAPL,Ahrendts Angela J,SVP,S - Sale,$100.00,"-50,000","122,971",-29%,"-$5,000,000",-1,-1,-6,+13
,2016-05-31 18:33:48,2016-05-26,AAPL,Srouji Johny,SVP,S - Sale,$99.75,"-8,000","116,460",-6%,"-$798,000",-1,-1,-6,+13
,2016-06-01 18:30:49,2016-05-27,AAPL,Cue Eduardo H,SVP,S - Sale,$99.44,"-50,000","24,000",-68%,"-$4,972,000",-1,+1,-4,+14
,2016-06-01 18:32:17,2016-05-27,AAPL,Riccio Daniel J.,SVP,S - Sale,$100.00,"-40,755","27,612",-60%,"-$4,075,500",-1,+1,-4,+14
,2016-06-02 18:30:41,2016-05-31,AAPL,Ahrendts Angela J,SVP,S - Sale,$100.00,"-25,000","97,971",-20%,"-$2,500,000",0,+1,-2,+15
M,2016-07-20 18:32:04,2016-07-18,AAPL,Ahrendts Angela J,SVP,S - Sale,$100.00,"-35,797","95,042",-27%,"-$3,579,700",-1,-3,+10,+21
,2016-08-05 18:32:27,2016-08-02,AAPL,Kondo Chris,Principal Accounting Officer,S - Sale,$104.87,"-9,829","6,347",-61%,"-$1,030,767",+1,0,0,+21
,2016-08-09 18:31:10,2016-08-05,AAPL,Sewell D Bruce,"SVP, Gen'l Counsel, Secretary",S - Sale,$107.49,"-23,305","216,024",-10%,"-$2,505,054",-1,+1,0,+22
D,2016-08-11 18:31:38,2016-08-09,AAPL,Levinson Arthur D,Dir,S - Sale+OE,$108.68,"-70,000","1,147,283",-6%,"-$7,607,600",0,+1,-4,+24
M,2016-08-16 18:31:35,2016-08-12,AAPL,Srouji Johny,SVP,S - Sale,$108.44,"-9,827","106,633",-8%,"-$1,065,643",0,-1,+2,+25
,2016-08-18 18:31:30,2016-08-17,AAPL,Maestri Luca,"SVP, CFO",S - Sale,$108.93,"-11,021",422,-96%,"-$1,200,518",0,-1,+5,+25
,2016-08-18 18:32:51,2016-08-17,AAPL,Federighi Craig,SVP,S - Sale,$109.15,"-90,153","377,186",-19%,"-$9,840,200",0,-1,+5,+25
,2016-08-18 18:33:46,2016-08-16,AAPL,Sewell D Bruce,"SVP, Gen'l Counsel, Secretary",S - Sale,$110.11,"-24,000","192,024",-11%,"-$2,642,640",0,-1,+5,+25
DM,2016-08-26 16:53:09,2016-08-25,AAPL,Cook Timothy D,CEO,S - Sale+OE,$107.23,"-334,000","1,309,692",-20%,"-$35,815,854",0,0,+6,+29
,2016-08-31 18:30:38,2016-08-30,AAPL,Riccio Daniel J.,SVP,S - Sale,$105.95,"-49,996","67,143",-43%,"-$5,297,076",+1,+2,+6,+32
M,2016-08-31 18:31:42,2016-08-29,AAPL,Cook Timothy D,CEO,S - Sale,$106.36,"-269,883","1,039,809",-21%,"-$28,703,591",+1,+2,+6,+32
,2016-09-23 18:35:58,2016-09-21,AAPL,Riccio Daniel J.,SVP,S - Sale,$113.06,"-22,381","44,762",-33%,"-$2,530,308",0,0,+3,+26
D,2016-10-04 18:36:04,2016-10-03,AAPL,Williams Jeffrey E,COO,S - Sale+OE,$112.59,"-43,769","3,079",-93%,"-$4,927,952",0,+3,-1,+29
,2016-10-31 18:30:39,2016-10-27,AAPL,Riccio Daniel J.,SVP,S - Sale,$114.96,"-33,324","55,207",-38%,"-$3,830,807",-2,-4,-1,+31
,2016-10-31 18:31:18,2016-10-27,AAPL,Schiller Philip W,SVP,S - Sale,$115.07,"-43,769","49,575",-47%,"-$5,036,499",-2,-4,-1,+31
,2016-11-04 18:31:11,2016-11-03,AAPL,Riccio Daniel J.,SVP,S - Sale,$110.35,"-33,323","21,884",-60%,"-$3,677,115",+1,-1,0,+41
,2016-11-04 18:31:54,2016-11-02,AAPL,Cue Eduardo H,SVP,S - Sale,$111.86,"-335,000","1,464",-100%,"-$37,473,100",+1,-1,0,+41
,2016-11-09 18:31:15,2016-11-07,AAPL,Maestri Luca,"SVP, CFO",S - Sale,$110.03,"-16,950","12,055",-58%,"-$1,865,009",-3,-3,+1,+40
M,2016-11-22 18:30:29,2016-11-18,AAPL,Srouji Johny,SVP,S - Sale,$110.54,"-8,090","119,830",-6%,"-$894,301",-1,0,+5,
,2016-12-13 18:30:45,2016-12-09,AAPL,Maestri Luca,"SVP, CFO",S - Sale,$113.98,"-5,323","6,732",-44%,"-$606,738",0,+1,+4,
,2016-12-19 18:30:57,2016-12-15,AAPL,Riccio Daniel J.,SVP,S - Sale,$116.07,"-10,942","10,942",-50%,"-$1,270,016",0,0,+3,
M,2016-12-29 18:30:07,2016-12-27,AAPL,Maestri Luca,"SVP, CFO",S - Sale,$117.68,"-2,300","4,432",-34%,"-$270,652",-1,0,+4,
,2017-01-10 18:30:32,2017-01-06,AAPL,Maestri Luca,"SVP, CFO",S - Sale,$117.88,"-4,010",422,-90%,"-$472,699",+1,+1,+11,
,2017-01-19 18:31:39,2017-01-18,AAPL,Riccio Daniel J.,SVP,S - Sale,$119.99,"-10,942",0,-100%,"-$1,312,931",0,+2,+13,
M,2017-01-19 18:33:14,2017-01-17,AAPL,Cook Timothy D,CEO,S - Sale,$120.00,"-30,000","1,009,809",-3%,"-$3,600,000",0,+2,+13,
M,2017-01-24 18:30:37,2017-01-20,AAPL,Cook Timothy D,CEO,S - Sale,$120.14,"-30,000","979,809",-3%,"-$3,604,100",+2,+1,+15,
M,2017-01-27 18:30:55,2017-01-25,AAPL,Cook Timothy D,CEO,S - Sale,$121.37,"-30,000","949,809",-3%,"-$3,641,200",0,+5,+13,
M,2017-02-01 18:31:20,2017-01-30,AAPL,Cook Timothy D,CEO,S - Sale,$124.40,"-40,000","910,045",-4%,"-$4,976,100",0,+2,+9,
,2017-02-03 18:32:16,2017-02-02,AAPL,Cook Timothy D,CEO,S - Sale,$127.99,"-8,571","901,474",-1%,"-$1,097,002",+1,+3,+8,
D,2017-02-03 18:33:03,2017-02-02,AAPL,Gore Albert Jr,Dir,S - Sale+OE,$128.35,"-70,000","445,574",-14%,"-$8,984,160",+1,+3,+8,
D,2017-02-03 18:34:18,2017-02-02,AAPL,Jung Andrea,Dir,S - Sale+OE,$128.05,"-100,000","19,183",-84%,"-$12,805,000",+1,+3,+8,
,2017-02-03 18:35:18,2017-02-02,AAPL,Kondo Chris,Principal Accounting Officer,S - Sale,$128.05,"-2,649","6,962",-28%,"-$339,204",+1,+3,+8,
D,2017-02-03 18:35:56,2017-02-02,AAPL,Levinson Arthur D,Dir,S - Sale+OE,$127.99,"-2,580","1,147,283",0%,"-$330,214",+1,+3,+8,
,2017-02-03 18:36:31,2017-02-02,AAPL,Sewell D Bruce,"SVP, Gen'l Counsel, Secretary",S - Sale,$128.43,"-75,000","161,029",-32%,"-$9,632,250",+1,+3,+8,
M,2017-02-07 18:30:44,2017-02-03,AAPL,Srouji Johny,SVP,S - Sale,$129.83,"-16,538","103,528",-14%,"-$2,147,160",0,+2,+6,
,2017-02-17 18:30:23,2017-02-16,AAPL,Federighi Craig,SVP,S - Sale,$135.30,"-70,627","439,855",-14%,"-$9,555,833",+1,+1,+4,
M,2017-02-22 18:32:17,2017-02-17,AAPL,Srouji Johny,SVP,S - Sale,$136.37,"-13,207","90,321",-13%,"-$1,801,094",0,0,+3,
,2017-02-24 18:30:39,2017-02-22,AAPL,Gore Albert Jr,Dir,S - Sale,$136.72,"-215,437","230,137",-48%,"-$29,454,547",0,+2,+3,
,2017-03-17 18:32:17,2017-03-15,AAPL,Maestri Luca,"SVP, CFO",S - Sale,$140.18,"-17,897",657,-96%,"-$2,508,801",+1,+1,+1,
D,2017-04-04 18:34:33,2017-04-04,AAPL,Schiller Philip W,SVP,S - Sale+OE,$143.32,"-47,796","49,575",-49%,"-$6,850,123",-1,-1,+2,
,2017-04-07 18:30:03,2017-04-05,AAPL,Maestri Luca,"SVP, CFO",S - Sale,$145.05,"-20,307",657,-97%,"-$2,945,516",0,-2,+7,
,2017-04-07 18:31:06,2017-04-06,AAPL,Riccio Daniel J.,SVP,S - Sale,$143.98,"-11,949","35,847",-25%,"-$1,720,417",0,-2,+7,
M,2017-04-21 18:30:43,2017-04-19,AAPL,Maestri Luca,"SVP, CFO",S - Sale,$141.83,"-6,308",657,-91%,"-$894,636",+1,+1,,
M,2017-05-08 18:33:26,2017-05-04,AAPL,Ahrendts Angela J,SVP,S - Sale,$147.98,"-75,000","103,116",-42%,"-$11,098,732",+1,+3,,
,2017-05-08 18:34:28,2017-05-05,AAPL,Sewell D Bruce,"SVP, Gen'l Counsel, Secretary",S - Sale,$148.76,"-67,500","141,325",-32%,"-$10,041,300",+1,+3,,
M,2017-05-11 18:30:34,2017-05-09,AAPL,Ahrendts Angela J,SVP,S - Sale,$154.24,"-25,377","77,739",-25%,"-$3,914,040",+1,,,
D,2017-05-11 18:31:36,2017-05-09,AAPL,Levinson Arthur D,Dir,S - Sale+OE,$153.88,"-35,000","1,147,283",-3%,"-$5,385,800",+1,,,
,2017-05-18 18:30:31,2017-05-16,AAPL,Riccio Daniel J.,SVP,S - Sale,$155.27,"-11,949","23,898",-33%,"-$1,855,370",,,,
,2017-05-24 18:30:46,2017-05-22,AAPL,Cue Eduardo H,SVP,S - Sale,$153.78,"-45,000","4,496",-91%,"-$6,920,100",,,,
,2017-05-24 18:31:58,2017-05-22,AAPL,Srouji Johny,SVP,S - Sale,$153.20,"-10,000","98,254",-9%,"-$1,532,000",,,,
M,2017-05-25 18:31:54,2017-05-23,AAPL,Federighi Craig,SVP,S - Sale,$153.62,"-64,500","423,151",-13%,"-$9,908,205",,,,
M,2017-05-30 18:30:50,2017-05-25,AAPL,Srouji Johny,SVP,S - Sale,$153.96,"-10,019","88,235",-10%,"-$1,542,530",,,,
,2017-06-06 18:30:34,2017-06-02,AAPL,Maestri Luca,"SVP, CFO",S - Sale,$154.70,"-4,757",657,-88%,"-$735,898",,,,
,2017-06-09 18:30:45,2017-06-07,AAPL,Riccio Daniel J.,SVP,S - Sale,$155.32,"-11,949","11,949",-50%,"-$1,855,936",,,,
,2017-07-10 18:30:23,2017-07-06,AAPL,Riccio Daniel J.,SVP,S - Sale,$142.86,"-11,949",0,-100%,"-$1,707,034",,,,
,2017-08-09 18:30:47,2017-08-07,AAPL,Federighi Craig,SVP,S - Sale,$158.07,"-63,163","359,988",-15%,"-$9,984,175",,,,
D,2017-08-09 18:31:33,2017-08-07,AAPL,Levinson Arthur D,Dir,S - Sale+OE,$157.58,"-35,000","1,147,283",-3%,"-$5,515,300",,,,
,2017-08-09 18:32:24,2017-08-07,AAPL,Sewell D Bruce,"SVP, Gen'l Counsel, Secretary",S - Sale,$158.13,"-31,625","109,700",-22%,"-$5,000,957",,,,
D,2017-08-17 18:30:57,2017-08-16,AAPL,Kondo Chris,Principal Accounting Officer,S - Sale+OE,$161.96,"-6,209","5,472",-53%,"-$1,005,610",,,,
,2017-08-18 18:30:35,2017-08-16,AAPL,Srouji Johny,SVP,S - Sale,$162.20,"-10,469","77,766",-12%,"-$1,698,072",,,,
DM,2017-08-28 20:00:34,2017-08-25,AAPL,Cook Timothy D,CEO,S - Sale+OE,$160.63,"-268,623","901,474",-23%,"-$43,148,931",,,,
,2017-08-30 18:30:35,2017-08-28,AAPL,Srouji Johny,SVP,S - Sale,$161.00,"-5,892","71,874",-8%,"-$948,612",,,,
M,2017-10-05 18:33:19,2017-10-03,AAPL,Ahrendts Angela J,SVP,S - Sale,$154.21,"-63,388","77,739",-45%,"-$9,775,019",,,,
,2017-10-05 18:34:12,2017-10-03,AAPL,Schiller Philip W,SVP,S - Sale,$154.70,"-56,808","49,575",-53%,"-$8,788,198",,,,
,2017-10-10 18:31:25,2017-10-05,AAPL,Riccio Daniel J.,SVP,S - Sale,$155.01,"-15,642","46,923",-25%,"-$2,424,666",,,,
,2017-11-16 18:31:35,2017-11-14,AAPL,Riccio Daniel J.,SVP,S - Sale,$172.36,"-15,641","31,282",-33%,"-$2,695,802",,,,
M,2017-11-27 18:30:46,2017-11-22,AAPL,Srouji Johny,SVP,S - Sale,$174.68,"-10,368","78,468",-12%,"-$1,811,128",,,,
,2017-12-04 18:32:54,2017-11-30,AAPL,Cue Eduardo H,SVP,S - Sale,$171.60,"-65,361","1,700",-97%,"-$11,215,918",,,,
,2017-12-11 18:31:01,2017-12-07,AAPL,Riccio Daniel J.,SVP,S - Sale,$169.69,"-15,641","15,641",-50%,"-$2,654,135",,,,
,2018-01-09 18:30:38,2018-01-05,AAPL,Riccio Daniel J.,SVP,S - Sale,$174.78,"-15,641",0,-100%,"-$2,733,800",,,,
,2018-04-05 18:31:26,2018-04-03,AAPL,Schiller Philip W,SVP,S - Sale,$166.42,"-69,491","49,575",-58%,"-$11,564,679",,,,
,2018-04-06 18:30:59,2018-04-04,AAPL,Riccio Daniel J.,SVP,S - Sale,$169.12,"-17,375","52,116",-25%,"-$2,938,512",,,,
M,2018-04-16 18:31:20,2018-04-12,AAPL,Maestri Luca,"SVP, CFO",S - Sale,$174.66,"-39,122","63,375",-38%,"-$6,832,932",,,,
M,2018-05-07 18:31:25,2018-05-03,AAPL,Ahrendts Angela J,SVP,S - Sale,$176.54,"-38,228","66,344",-37%,"-$6,748,833",,,,
,2018-05-10 18:31:35,2018-05-08,AAPL,Williams Jeffrey E,COO,S - Sale,$185.18,"-15,653","155,042",-9%,"-$2,898,551",,,,
D,2018-05-11 18:32:43,2018-05-09,AAPL,Levinson Arthur D,Dir,S - Sale+OE,$185.99,"-35,000","1,147,283",-3%,"-$6,509,650",,,,
,2018-05-18 18:30:58,2018-05-16,AAPL,Kondo Chris,Principal Accounting Officer,S - Sale,$187.00,"-4,867","8,433",-37%,"-$910,129",,,,
,2018-05-21 18:30:50,2018-05-17,AAPL,Riccio Daniel J.,SVP,S - Sale,$187.64,"-17,372","34,744",-33%,"-$3,259,604",,,,
,2018-05-25 18:31:15,2018-05-23,AAPL,Srouji Johny,SVP,S - Sale,$187.74,"-14,976","75,298",-17%,"-$2,811,594",,,,
M,2018-06-04 18:31:19,2018-05-31,AAPL,Maestri Luca,"SVP, CFO",S - Sale,$189.54,"-4,769","63,375",-7%,"-$903,928",,,,
,2018-06-12 18:30:36,2018-06-08,AAPL,Williams Jeffrey E,COO,S - Sale,$190.94,"-15,653","139,389",-10%,"-$2,988,851",,,,
D,2018-06-18 18:30:31,2018-06-15,AAPL,Ahrendts Angela J,SVP,S - Sale+OE,$188.81,"-6,568","66,344",-9%,"-$1,240,104",,,,
,2018-07-11 18:31:20,2018-07-09,AAPL,Williams Jeffrey E,COO,S - Sale,$190.18,"-15,652","123,737",-11%,"-$2,976,664",,,,
DM,2018-08-06 18:30:34,2018-08-02,AAPL,Levinson Arthur D,Dir,S - Sale+OE,$206.74,"-35,000","1,147,283",-3%,"-$7,236,000",,,,
,2018-08-10 18:31:41,2018-08-08,AAPL,Williams Jeffrey E,COO,S - Sale,$206.86,"-15,652","108,085",-13%,"-$3,237,714",,,,
,2018-08-10 18:33:27,2018-08-09,AAPL,Federighi Craig,SVP,S - Sale,$207.50,"-47,796","419,896",-10%,"-$9,917,670",,,,
,2018-08-21 18:59:34,2018-08-17,AAPL,Srouji Johny,SVP,S - Sale,$214.98,"-14,140","61,158",-19%,"-$3,039,839",,,,
D,2018-08-28 18:31:28,2018-08-27,AAPL,Cook Timothy D,CEO,S - Sale+OE,$217.79,"-265,160","878,425",-23%,"-$57,748,442",,,,
M,2018-10-05 18:31:16,2018-10-03,AAPL,Ahrendts Angela J,SVP,S - Sale,$230.89,"-64,194","66,344",-49%,"-$14,821,664",,,,
,2018-10-05 18:32:17,2018-10-04,AAPL,Maestri Luca,"SVP, CFO",S - Sale,$228.56,"-100,245","27,324",-79%,"-$22,912,178",,,,
,2018-10-05 18:33:19,2018-10-03,AAPL,Williams Jeffrey E,COO,S - Sale,$232.33,"-61,998","108,085",-36%,"-$14,403,787",,,,
,2018-11-21 18:31:38,2018-11-19,AAPL,Kondo Chris,Principal Accounting Officer,S - Sale,$190.00,"-3,408","8,940",-28%,"-$647,520",,,,
D,2019-02-05 18:38:57,2019-02-01,AAPL,Levinson Arthur D,Dir,S - Sale+OE,$167.71,"-1,521","1,147,283",0%,"-$255,087",,,,
,2019-04-09 18:30:48,2019-04-05,AAPL,Maestri Luca,"SVP, CFO",S - Sale,$196.61,"-51,138","27,448",-65%,"-$10,054,242",,,,
,2019-05-06 18:30:58,2019-05-02,AAPL,Williams Jeffrey E,COO,S - Sale,$210.36,"-56,411","108,209",-34%,"-$11,866,355",,,,
D,2019-05-07 18:30:52,2019-05-03,AAPL,Levinson Arthur D,Dir,S - Sale+OE,$210.86,"-35,000","1,147,283",-3%,"-$7,380,100",,,,
,2019-08-05 18:31:27,2019-08-01,AAPL,Kondo Chris,Principal Accounting Officer,S - Sale,$217.47,"-4,376","8,549",-34%,"-$951,635",,,,
D,2019-08-05 18:32:34,2019-08-01,AAPL,Levinson Arthur D,Dir,S - Sale+OE,$214.02,"-17,500","1,147,283",-2%,"-$3,745,350",,,,
D,2019-08-14 18:30:39,2019-08-12,AAPL,Levinson Arthur D,Dir,S - Sale+OE,$201.69,"-17,500","1,147,283",-2%,"-$3,529,575",,,,
D,2019-08-27 18:30:31,2019-08-26,AAPL,Cook Timothy D,CEO,S - Sale+OE,$206.17,"-265,160","854,849",-24%,"-$54,667,179",,,,
D,2019-10-03 18:33:22,2019-10-02,AAPL,Williams Jeffrey E,COO,S - Sale+OE,$219.04,"-67,554","122,195",-36%,"-$14,797,004",,,,
,2019-10-09 18:32:27,2019-10-07,AAPL,Maestri Luca,"SVP, CFO",S - Sale,$228.38,"-61,659","27,448",-69%,"-$14,081,680",,,,
D,2019-10-17 18:31:19,2019-10-16,AAPL,Kondo Chris,Principal Accounting Officer,S - Sale+OE,$233.26,"-3,932","8,212",-32%,"-$917,178",,,,
D,2019-10-17 18:32:58,2019-10-16,AAPL,O'Brien Deirdre,SVP,S - Sale+OE,$234.04,"-12,459","33,852",-27%,"-$2,915,904",,,,
D,2019-11-07 18:30:21,2019-11-05,AAPL,Levinson Arthur D,Dir,S - Sale+OE,$257.79,"-37,394","1,147,283",-3%,"-$9,639,799",,,,
D,2020-02-04 18:34:47,2020-02-03,AAPL,Levinson Arthur D,Dir,S - Sale+OE,$304.11,"-1,429","1,147,283",0%,"-$434,573",,,,
D,2020-04-03 18:31:43,2020-04-02,AAPL,Williams Jeffrey E,COO,S - Sale+OE,$241.44,"-41,062","122,315",-25%,"-$9,914,186",,,,
,2020-04-09 18:30:47,2020-04-07,AAPL,Maestri Luca,"SVP, CFO",S - Sale,$264.44,"-41,062","27,568",-60%,"-$10,858,445",,,,
D,2020-04-17 18:31:43,2020-04-16,AAPL,O'Brien Deirdre,SVP,S - Sale+OE,$285.12,"-9,137","33,972",-21%,"-$2,605,141",,,,
,2020-05-12 18:30:32,2020-05-08,AAPL,Kondo Chris,Principal Accounting Officer,S - Sale,$305.62,"-4,491","7,370",-38%,"-$1,372,539",,,,
D,2020-08-25 18:45:23,2020-08-25,AAPL,Cook Timothy D,CEO,S - Sale+OE,$496.91,"-265,160","837,374",-24%,"-$131,761,779",,,,
D,2020-10-05 18:33:56,2020-10-02,AAPL,Williams Jeffrey E,COO,S - Sale+OE,$113.59,"-257,343","489,260",-34%,"-$29,232,596",,,,
,2020-10-13 18:30:27,2020-10-09,AAPL,Maestri Luca,"SVP, CFO",S - Sale,$116.89,"-243,431","110,272",-69%,"-$28,454,650",,,,
D,2020-10-19 18:30:33,2020-10-16,AAPL,Kondo Chris,Principal Accounting Officer,S - Sale+OE,$121.34,"-14,840","26,876",-36%,"-$1,800,686",,,,
D,2020-10-19 18:32:33,2020-10-16,AAPL,O'Brien Deirdre,SVP,S - Sale+OE,$119.80,"-31,200","135,888",-19%,"-$3,737,869",,,,
,2020-11-05 18:30:55,2020-11-03,AAPL,Adams Katherine L.,"SVP, GC, Secretary",S - Sale,$110.42,"-17,000","306,396",-5%,"-$1,877,109",,,,
,2021-02-03 18:30:45,2021-02-01,AAPL,Adams Katherine L.,"SVP, GC, Secretary",S - Sale,$133.75,"-17,000","316,581",-5%,"-$2,273,749",,,,
D,2021-02-03 18:36:19,2021-02-02,AAPL,Levinson Arthur D,Dir,S - Sale+OE,$135.60,"-3,416","4,588,724",0%,"-$463,210",,,,
D,2021-04-05 18:36:12,2021-04-05,AAPL,Williams Jeffrey E,COO,S - Sale+OE,$125.74,"-133,867","489,490",-21%,"-$16,832,437",,,,
D,2021-04-19 18:31:41,2021-04-16,AAPL,O'Brien Deirdre,SVP,S - Sale+OE,$134.01,"-18,216","136,118",-12%,"-$2,441,126",,,,
,2021-05-05 18:30:33,2021-05-03,AAPL,Adams Katherine L.,"SVP, GC, Secretary",S - Sale,$132.80,"-17,000","328,174",-5%,"-$2,257,631",,,,
,2021-05-05 18:31:41,2021-05-03,AAPL,Maestri Luca,"SVP, CFO",S - Sale,$132.81,"-121,072","110,501",-52%,"-$16,079,338",,,,
,2021-08-04 18:30:53,2021-08-02,AAPL,Adams Katherine L.,"SVP, GC, Secretary",S - Sale,$145.89,"-17,000","307,164",-5%,"-$2,480,048",,,,
D,2021-08-09 18:30:51,2021-08-06,AAPL,O'Brien Deirdre,SVP,S - Sale+OE,$145.99,"-14,877","136,118",-10%,"-$2,171,893",,,,
D,2021-08-26 18:30:46,2021-08-25,AAPL,Cook Timothy D,CEO,S - Sale+OE,$148.58,"-2,386,440","3,279,726",-42%,"-$354,568,479",,,,
D,2021-10-05 18:43:32,2021-10-04,AAPL,O'Brien Deirdre,SVP,S - Sale+OE,$138.83,"-89,437","136,118",-40%,"-$12,416,539",,,,
D,2021-10-05 18:44:42,2021-10-04,AAPL,Williams Jeffrey E,COO,S - Sale+OE,$138.83,"-165,829","489,490",-25%,"-$23,022,040",,,,
D,2021-10-19 18:31:45,2021-10-18,AAPL,O'Brien Deirdre,SVP,S - Sale+OE,$146.35,"-18,247","136,118",-12%,"-$2,670,391",,,,
,2021-10-21 18:30:48,2021-10-19,AAPL,Maestri Luca,"SVP, CFO",S - Sale,$148.62,"-165,829","110,501",-60%,"-$24,645,506",,,,
,2021-11-03 18:31:28,2021-11-01,AAPL,Adams Katherine L.,"SVP, GC, Secretary",S - Sale,$148.68,"-25,000","447,993",-5%,"-$3,716,895",,,,
,2021-11-16 18:30:25,2021-11-12,AAPL,Kondo Chris,Principal Accounting Officer,S - Sale,$150.00,"-9,005","37,197",-19%,"-$1,350,750",,,,
D,2022-02-03 18:35:50,2022-02-01,AAPL,Levinson Arthur D,Dir,S - Sale+OE,$173.29,"-1,986","4,588,724",0%,"-$344,154",,,,
,2022-02-07 18:30:37,2022-02-03,AAPL,Adams Katherine L.,"SVP, GC, Secretary",S - Sale,$174.78,"-25,000","419,715",-6%,"-$4,369,548",,,,
D,2022-04-05 18:32:41,2022-04-04,AAPL,O'Brien Deirdre,SVP,S - Sale+OE,$177.77,"-29,198","136,290",-18%,"-$5,190,427",,,,
D,2022-04-05 18:33:35,2022-04-04,AAPL,Williams Jeffrey E,COO,S - Sale+OE,$177.76,"-105,901","489,662",-18%,"-$18,824,389",,,,
D,2022-04-19 18:31:54,2022-04-18,AAPL,O'Brien Deirdre,SVP,S - Sale+OE,$164.91,"-8,000","136,290",-6%,"-$1,319,305",,,,
,2022-05-06 18:30:57,2022-05-04,AAPL,Adams Katherine L.,"SVP, GC, Secretary",S - Sale,$161.72,"-25,000","452,334",-5%,"-$4,042,888",,,,
,2022-08-05 18:30:49,2022-08-03,AAPL,Adams Katherine L.,"SVP, GC, Secretary",S - Sale,$164.77,"-25,000","427,334",-6%,"-$4,119,155",,,,
,2022-08-19 18:30:27,2022-08-17,AAPL,Maestri Luca,"SVP, CFO",S - Sale,$174.96,"-96,735","110,673",-47%,"-$16,924,259",,,,
A,2022-08-22 18:43:18,2022-08-17,AAPL,Maestri Luca,"SVP, CFO",S - Sale,$174.96,"-96,735","110,673",-47%,"-$16,924,259",,,,
D,2022-10-04 22:02:25,2022-10-03,AAPL,Adams Katherine L.,"SVP, GC, Secretary",S - Sale+OE,$141.41,"-181,139","427,334",-30%,"-$25,615,117",,,,
D,2022-10-04 22:05:07,2022-10-03,AAPL,O'Brien Deirdre,SVP,S - Sale+OE,$142.16,"-176,299","136,290",-56%,"-$25,062,882",,,,
D,2022-10-18 18:33:15,2022-10-17,AAPL,O'Brien Deirdre,SVP,S - Sale+OE,$142.45,"-8,053","136,290",-6%,"-$1,147,150",,,,
,2022-11-01 18:30:34,2022-10-28,AAPL,Maestri Luca,"SVP, CFO",S - Sale,$155.95,"-176,299","110,673",-61%,"-$27,493,275",,,,
,2022-11-23 18:30:27,2022-11-22,AAPL,Kondo Chris,Principal Accounting Officer,S - Sale,$148.72,"-20,200","31,505",-39%,"-$3,004,144",,,,
,2023-03-24 18:31:12,2023-03-22,AAPL,Williams Jeffrey E,COO,S - Sale,$159.76,"-187,730","489,816",-28%,"-$29,991,745",,,,
D,2023-04-04 18:31:03,2023-04-03,AAPL,Adams Katherine L.,"SVP, GC, Secretary",S - Sale+OE,$165.30,"-72,225","425,213",-15%,"-$11,938,880",,,,
D,2023-04-04 18:31:55,2023-04-03,AAPL,Cook Timothy D,CEO,S - Sale+OE,$165.17,"-56,072","3,280,052",-2%,"-$9,261,353",,,,
D,2023-04-04 18:33:48,2023-04-03,AAPL,O'Brien Deirdre,SVP,S - Sale+OE,$165.41,"-43,622","136,444",-24%,"-$7,215,444",,,,
D,2023-04-04 18:34:40,2023-04-04,AAPL,Williams Jeffrey E,COO,S - Sale+OE,$166.11,"-77,817","489,816",-14%,"-$12,926,379",,,,
,2023-04-10 18:30:24,2023-04-06,AAPL,Maestri Luca,"SVP, CFO",S - Sale,$164.92,-200,"177,657",0%,"-$32,984",,,,
,2023-04-17 18:31:10,2023-04-13,AAPL,Maestri Luca,"SVP, CFO",S - Sale,$165.25,"-69,996","107,661",-39%,"-$11,566,839",,,,
,2023-05-10 18:30:22,2023-05-08,AAPL,Kondo Chris,Principal Accounting Officer,S - Sale,$173.26,"-4,092","33,946",-11%,"-$708,980",,,,
D,2023-08-08 18:30:28,2023-08-07,AAPL,O'Brien Deirdre,SVP,S - Sale+OE,$178.56,"-15,419","136,445",-10%,"-$2,753,217",,,,
D,2023-10-03 21:02:35,2023-10-03,AAPL,Adams Katherine L.,"SVP, GC, Secretary",S - Sale+OE,$172.09,"-65,536","416,714",-14%,"-$11,278,365",,,,
D,2023-10-03 21:04:27,2023-10-03,AAPL,Cook Timothy D,CEO,S - Sale+OE,$172.50,"-240,569","3,280,053",-7%,"-$41,498,284",,,,
D,2023-10-03 21:08:18,2023-10-03,AAPL,O'Brien Deirdre,SVP,S - Sale+OE,$172.11,"-65,536","136,445",-32%,"-$11,279,673",,,,
M,2023-10-10 18:30:21,2023-10-06,AAPL,Maestri Luca,"SVP, CFO",S - Sale,$178.29,"-63,695","107,661",-37%,"-$11,356,182",,,,
,2023-10-10 18:31:19,2023-10-06,AAPL,Williams Jeffrey E,COO,S - Sale,$177.00,"-69,785","489,817",-12%,"-$12,351,945",,,,
,2023-11-14 18:31:09,2023-11-10,AAPL,Kondo Chris,Principal Accounting Officer,S - Sale,$184.04,"-4,806","34,687",-12%,"-$884,496",,,,
,2023-11-20 18:31:21,2023-11-17,AAPL,Adams Katherine L.,"SVP, GC, Secretary",S - Sale,$188.79,"-123,448","293,266",-30%,"-$23,305,748",,,,
,2023-12-01 18:32:18,2023-11-29,AAPL,Kondo Chris,Principal Accounting Officer,S - Sale,$192.00,"-5,513","29,174",-16%,"-$1,058,496",,,,
D,2024-03-01 18:34:41,2024-02-29,AAPL,Levinson Arthur D,Dir,S - Sale+OE,$180.94,"-100,000","4,490,576",-2%,"-$18,094,000",,,,
D,2024-04-03 18:30:48,2024-04-02,AAPL,Adams Katherine L.,"SVP, GC, Secretary",S - Sale+OE,$168.90,"-54,732","293,393",-16%,"-$9,244,235",,,,
DM,2024-04-03 18:31:43,2024-04-01,AAPL,Cook Timothy D,CEO,S - Sale+OE,$169.33,"-196,410","3,280,180",-6%,"-$33,258,614",,,,
D,2024-04-03 18:33:14,2024-04-02,AAPL,O'Brien Deirdre,SVP,S - Sale+OE,$168.91,"-54,732","136,572",-29%,"-$9,244,782",,,,
,2024-04-15 18:30:24,2024-04-11,AAPL,Maestri Luca,"SVP, CFO",S - Sale,$174.12,"-53,194","107,788",-33%,"-$9,261,933",,,,
,2024-04-15 18:31:11,2024-04-11,AAPL,Williams Jeffrey E,COO,S - Sale,$172.22,"-59,162","489,944",-11%,"-$10,188,880",,,,
,2024-05-17 18:30:33,2024-05-15,AAPL,Kondo Chris,Principal Accounting Officer,S - Sale,$190.40,"-4,999","29,278",-15%,"-$951,785",,,,
,2024-06-03 18:31:26,2024-05-30,AAPL,Levinson Arthur D,Dir,S - Sale,$191.58,"-75,000","4,415,576",-2%,"-$14,368,500",,,,
,2024-08-07 18:30:15,2024-08-05,AAPL,Adams Katherine L.,"SVP, GC, Secretary",S - Sale,$206.44,"-100,000","187,043",-35%,"-$20,643,512",,,,
,2024-08-13 19:02:12,2024-08-09,AAPL,Kondo Chris,Principal Accounting Officer,S - Sale,$216.50,"-5,178","24,125",-18%,"-$1,121,037",,,,
,2024-08-19 18:30:16,2024-08-15,AAPL,Kondo Chris,Principal Accounting Officer,S - Sale,$225.00,"-8,706","15,419",-36%,"-$1,958,850",,,,
D,2024-10-03 18:30:20,2024-10-02,AAPL,O'Brien Deirdre,SVP,S - Sale+OE,$226.87,"-61,019","136,572",-31%,"-$13,843,382",,,,
D,2024-10-03 18:30:30,2024-10-02,AAPL,Cook Timothy D,CEO,S - Sale+OE,$224.46,"-223,986","3,280,180",-6%,"-$50,276,355",,,,
D,2024-10-03 18:30:40,2024-10-02,AAPL,Adams Katherine L.,"SVP, GC, Secretary",S - Sale+OE,$226.20,"-61,019","187,043",-25%,"-$13,802,297",,,,
D,2024-10-03 18:31:01,2024-10-02,AAPL,Williams Jeffrey E,COO,S - Sale+OE,$226.86,"-59,730","489,944",-11%,"-$13,550,148",,,,
,2024-10-08 18:30:13,2024-10-04,AAPL,Maestri Luca,"SVP, CFO",S - Sale,$226.52,"-59,305","107,788",-35%,"-$13,433,769",,,,
,2024-11-19 18:30:49,2024-11-18,AAPL,Kondo Chris,Principal Accounting Officer,S - Sale,$228.87,"-4,130","15,419",-21%,"-$945,233",,,,
M,2024-11-19 18:31:42,2024-11-15,AAPL,Levinson Arthur D,Dir,S - Sale,$227.32,"-200,000","4,215,576",-5%,"-$45,464,500",,,,
,2024-12-18 18:30:20,2024-12-16,AAPL,Williams Jeffrey E,COO,S - Sale,$249.97,"-100,000","389,944",-20%,"-$24,997,395",,,,
D,2025-02-04 18:33:25,2025-02-03,AAPL,Levinson Arthur D,Dir,S - Sale+OE,$226.35,"-1,516","4,215,576",0%,"-$343,147",,,,
